Method,Job,AnalyzeLaunchVariance,EvaluateOverhead,MaxAbsoluteError,MaxRelativeError,MinInvokeCount,MinIterationTime,OutlierMode,Affinity,EnvironmentVariables,Jit,LargeAddressAware,Platform,PowerPlanMode,Runtime,AllowVeryLargeObjects,Concurrent,CpuGroups,Force,HeapAffinitizeMask,HeapCount,NoAffinitize,RetainVm,Server,Arguments,BuildConfiguration,Clock,EngineFactory,NuGetReferences,Toolchain,IsMutator,InvocationCount,IterationCount,IterationTime,LaunchCount,MaxIterationCount,MaxWarmupIterationCount,MemoryRandomization,MinIterationCount,MinWarmupIterationCount,RunStrategy,UnrollFactor,WarmupCount,Length,Profile,Mean,Error,StdDev,Median,Ratio,RatioSD,Allocated,Alloc Ratio
Scalar,AudioDefault,False,Default,Default,0.02,Default,Default,Default,1111111111111111,Empty,RyuJit,Default,X64,67b4a053-3646-4532-affd-0535c9ea82a7,.NET 10.0,False,True,False,True,Default,Default,False,False,False,Default,Default,Default,Default,Default,Default,Default,Default,Default,Default,Default,Default,Default,Default,Default,Default,Default,16,Default,480,Clipped,493.90 ns,37.884 ns,111.702 ns,447.87 ns,1.04,0.31,0 B,NA
Meter,AudioDefault,False,Default,Default,0.02,Default,Default,Default,1111111111111111,Empty,RyuJit,Default,X64,67b4a053-3646-4532-affd-0535c9ea82a7,.NET 10.0,False,True,False,True,Default,Default,False,False,False,Default,Default,Default,Default,Default,Default,Default,Default,Default,Default,Default,Default,Default,Default,Default,Default,Default,16,Default,480,Clipped,23.92 ns,0.812 ns,2.370 ns,23.49 ns,0.05,0.01,0 B,NA
Scalar,AudioDefault,False,Default,Default,0.02,Default,Default,Default,1111111111111111,Empty,RyuJit,Default,X64,67b4a053-3646-4532-affd-0535c9ea82a7,.NET 10.0,False,True,False,True,Default,Default,False,False,False,Default,Default,Default,Default,Default,Default,Default,Default,Default,Default,Default,Default,Default,Default,Default,Default,Default,16,Default,480,Silence,469.92 ns,20.820 ns,58.038 ns,450.90 ns,1.01,0.17,0 B,NA
Meter,AudioDefault,False,Default,Default,0.02,Default,Default,Default,1111111111111111,Empty,RyuJit,Default,X64,67b4a053-3646-4532-affd-0535c9ea82a7,.NET 10.0,False,True,False,True,Default,Default,False,False,False,Default,Default,Default,Default,Default,Default,Default,Default,Default,Default,Default,Default,Default,Default,Default,Default,Default,16,Default,480,Silence,29.22 ns,1.897 ns,5.594 ns,28.90 ns,0.06,0.01,0 B,NA
Scalar,AudioDefault,False,Default,Default,0.02,Default,Default,Default,1111111111111111,Empty,RyuJit,Default,X64,67b4a053-3646-4532-affd-0535c9ea82a7,.NET 10.0,False,True,False,True,Default,Default,False,False,False,Default,Default,Default,Default,Default,Default,Default,Default,Default,Default,Default,Default,Default,Default,Default,Default,Default,16,Default,480,Speech,450.62 ns,16.439 ns,46.366 ns,435.63 ns,1.01,0.14,0 B,NA
Meter,AudioDefault,False,Default,Default,0.02,Default,Default,Default,1111111111111111,Empty,RyuJit,Default,X64,67b4a053-3646-4532-affd-0535c9ea82a7,.NET 10.0,False,True,False,True,Default,Default,False,False,False,Default,Default,Default,Default,Default,Default,Default,Default,Default,Default,Default,Default,Default,Default,Default,Default,Default,16,Default,480,Speech,25.56 ns,0.721 ns,2.114 ns,25.02 ns,0.06,0.01,0 B,NA
Scalar,AudioDefault,False,Default,Default,0.02,Default,Default,Default,1111111111111111,Empty,RyuJit,Default,X64,67b4a053-3646-4532-affd-0535c9ea82a7,.NET 10.0,False,True,False,True,Default,Default,False,False,False,Default,Default,Default,Default,Default,Default,Default,Default,Default,Default,Default,Default,Default,Default,Default,Default,Default,16,Default,512,Clipped,546.39 ns,30.946 ns,90.272 ns,552.90 ns,1.03,0.23,0 B,NA
Meter,AudioDefault,False,Default,Default,0.02,Default,Default,Default,1111111111111111,Empty,RyuJit,Default,X64,67b4a053-3646-4532-affd-0535c9ea82a7,.NET 10.0,False,True,False,True,Default,Default,False,False,False,Default,Default,Default,Default,Default,Default,Default,Default,Default,Default,Default,Default,Default,Default,Default,Default,Default,16,Default,512,Clipped,27.46 ns,1.502 ns,4.380 ns,26.85 ns,0.05,0.01,0 B,NA
Scalar,AudioDefault,False,Default,Default,0.02,Default,Default,Default,1111111111111111,Empty,RyuJit,Default,X64,67b4a053-3646-4532-affd-0535c9ea82a7,.NET 10.0,False,True,False,True,Default,Default,False,False,False,Default,Default,Default,Default,Default,Default,Default,Default,Default,Default,Default,Default,Default,Default,Default,Default,Default,16,Default,512,Silence,429.27 ns,8.513 ns,11.069 ns,427.71 ns,1.00,0.04,0 B,NA
Meter,AudioDefault,False,Default,Default,0.02,Default,Default,Default,1111111111111111,Empty,RyuJit,Default,X64,67b4a053-3646-4532-affd-0535c9ea82a7,.NET 10.0,False,True,False,True,Default,Default,False,False,False,Default,Default,Default,Default,Default,Default,Default,Default,Default,Default,Default,Default,Default,Default,Default,Default,Default,16,Default,512,Silence,28.93 ns,2.022 ns,5.898 ns,27.02 ns,0.07,0.01,0 B,NA
Scalar,AudioDefault,False,Default,Default,0.02,Default,Default,Default,1111111111111111,Empty,RyuJit,Default,X64,67b4a053-3646-4532-affd-0535c9ea82a7,.NET 10.0,False,True,False,True,Default,Default,False,False,False,Default,Default,Default,Default,Default,Default,Default,Default,Default,Default,Default,Default,Default,Default,Default,Default,Default,16,Default,512,Speech,492.40 ns,31.264 ns,92.182 ns,451.77 ns,1.03,0.26,0 B,NA
Meter,AudioDefault,False,Default,Default,0.02,Default,Default,Default,1111111111111111,Empty,RyuJit,Default,X64,67b4a053-3646-4532-affd-0535c9ea82a7,.NET 10.0,False,True,False,True,Default,Default,False,False,False,Default,Default,Default,Default,Default,Default,Default,Default,Default,Default,Default,Default,Default,Default,Default,Default,Default,16,Default,512,Speech,26.00 ns,1.190 ns,3.490 ns,24.69 ns,0.05,0.01,0 B,NA
Scalar,AudioDefault,False,Default,Default,0.02,Default,Default,Default,1111111111111111,Empty,RyuJit,Default,X64,67b4a053-3646-4532-affd-0535c9ea82a7,.NET 10.0,False,True,False,True,Default,Default,False,False,False,Default,Default,Default,Default,Default,Default,Default,Default,Default,Default,Default,Default,Default,Default,Default,Default,Default,16,Default,960,Clipped,829.88 ns,17.483 ns,48.446 ns,833.15 ns,1.00,0.08,0 B,NA
Meter,AudioDefault,False,Default,Default,0.02,Default,Default,Default,1111111111111111,Empty,RyuJit,Default,X64,67b4a053-3646-4532-affd-0535c9ea82a7,.NET 10.0,False,True,False,True,Default,Default,False,False,False,Default,Default,Default,Default,Default,Default,Default,Default,Default,Default,Default,Default,Default,Default,Default,Default,Default,16,Default,960,Clipped,49.77 ns,1.763 ns,5.031 ns,48.79 ns,0.06,0.01,0 B,NA
Scalar,AudioDefault,False,Default,Default,0.02,Default,Default,Default,1111111111111111,Empty,RyuJit,Default,X64,67b4a053-3646-4532-affd-0535c9ea82a7,.NET 10.0,False,True,False,True,Default,Default,False,False,False,Default,Default,Default,Default,Default,Default,Default,Default,Default,Default,Default,Default,Default,Default,Default,Default,Default,16,Default,960,Silence,803.88 ns,15.434 ns,42.767 ns,805.82 ns,1.00,0.07,0 B,NA
Meter,AudioDefault,False,Default,Default,0.02,Default,Default,Default,1111111111111111,Empty,RyuJit,Default,X64,67b4a053-3646-4532-affd-0535c9ea82a7,.NET 10.0,False,True,False,True,Default,Default,False,False,False,Default,Default,Default,Default,Default,Default,Default,Default,Default,Default,Default,Default,Default,Default,Default,Default,Default,16,Default,960,Silence,43.59 ns,0.677 ns,0.904 ns,43.38 ns,0.05,0.00,0 B,NA
Scalar,AudioDefault,False,Default,Default,0.02,Default,Default,Default,1111111111111111,Empty,RyuJit,Default,X64,67b4a053-3646-4532-affd-0535c9ea82a7,.NET 10.0,False,True,False,True,Default,Default,False,False,False,Default,Default,Default,Default,Default,Default,Default,Default,Default,Default,Default,Default,Default,Default,Default,Default,Default,16,Default,960,Speech,844.11 ns,28.132 ns,81.168 ns,826.93 ns,1.01,0.13,0 B,NA
Meter,AudioDefault,False,Default,Default,0.02,Default,Default,Default,1111111111111111,Empty,RyuJit,Default,X64,67b4a053-3646-4532-affd-0535c9ea82a7,.NET 10.0,False,True,False,True,Default,Default,False,False,False,Default,Default,Default,Default,Default,Default,Default,Default,Default,Default,Default,Default,Default,Default,Default,Default,Default,16,Default,960,Speech,47.98 ns,1.056 ns,3.113 ns,46.24 ns,0.06,0.01,0 B,NA
Scalar,AudioDefault,False,Default,Default,0.02,Default,Default,Default,1111111111111111,Empty,RyuJit,Default,X64,67b4a053-3646-4532-affd-0535c9ea82a7,.NET 10.0,False,True,False,True,Default,Default,False,False,False,Default,Default,Default,Default,Default,Default,Default,Default,Default,Default,Default,Default,Default,Default,Default,Default,Default,16,Default,1600,Clipped,"1,598.36 ns",91.471 ns,260.972 ns,"1,556.05 ns",1.02,0.23,0 B,NA
Meter,AudioDefault,False,Default,Default,0.02,Default,Default,Default,1111111111111111,Empty,RyuJit,Default,X64,67b4a053-3646-4532-affd-0535c9ea82a7,.NET 10.0,False,True,False,True,Default,Default,False,False,False,Default,Default,Default,Default,Default,Default,Default,Default,Default,Default,Default,Default,Default,Default,Default,Default,Default,16,Default,1600,Clipped,83.97 ns,4.535 ns,13.158 ns,81.02 ns,0.05,0.01,0 B,NA
Scalar,AudioDefault,False,Default,Default,0.02,Default,Default,Default,1111111111111111,Empty,RyuJit,Default,X64,67b4a053-3646-4532-affd-0535c9ea82a7,.NET 10.0,False,True,False,True,Default,Default,False,False,False,Default,Default,Default,Default,Default,Default,Default,Default,Default,Default,Default,Default,Default,Default,Default,Default,Default,16,Default,1600,Silence,"1,320.10 ns",26.266 ns,41.661 ns,"1,294.79 ns",1.00,0.04,0 B,NA
Meter,AudioDefault,False,Default,Default,0.02,Default,Default,Default,1111111111111111,Empty,RyuJit,Default,X64,67b4a053-3646-4532-affd-0535c9ea82a7,.NET 10.0,False,True,False,True,Default,Default,False,False,False,Default,Default,Default,Default,Default,Default,Default,Default,Default,Default,Default,Default,Default,Default,Default,Default,Default,16,Default,1600,Silence,74.19 ns,1.823 ns,5.348 ns,74.44 ns,0.06,0.00,0 B,NA
Scalar,AudioDefault,False,Default,Default,0.02,Default,Default,Default,1111111111111111,Empty,RyuJit,Default,X64,67b4a053-3646-4532-affd-0535c9ea82a7,.NET 10.0,False,True,False,True,Default,Default,False,False,False,Default,Default,Default,Default,Default,Default,Default,Default,Default,Default,Default,Default,Default,Default,Default,Default,Default,16,Default,1600,Speech,"1,644.47 ns",93.499 ns,272.741 ns,"1,553.61 ns",1.02,0.23,0 B,NA
Meter,AudioDefault,False,Default,Default,0.02,Default,Default,Default,1111111111111111,Empty,RyuJit,Default,X64,67b4a053-3646-4532-affd-0535c9ea82a7,.NET 10.0,False,True,False,True,Default,Default,False,False,False,Default,Default,Default,Default,Default,Default,Default,Default,Default,Default,Default,Default,Default,Default,Default,Default,Default,16,Default,1600,Speech,97.63 ns,7.505 ns,22.010 ns,89.22 ns,0.06,0.02,0 B,NA
Scalar,AudioDefault,False,Default,Default,0.02,Default,Default,Default,1111111111111111,Empty,RyuJit,Default,X64,67b4a053-3646-4532-affd-0535c9ea82a7,.NET 10.0,False,True,False,True,Default,Default,False,False,False,Default,Default,Default,Default,Default,Default,Default,Default,Default,Default,Default,Default,Default,Default,Default,Default,Default,16,Default,4096,Clipped,"3,976.63 ns",112.697 ns,325.158 ns,"3,919.84 ns",1.01,0.11,0 B,NA
Meter,AudioDefault,False,Default,Default,0.02,Default,Default,Default,1111111111111111,Empty,RyuJit,Default,X64,67b4a053-3646-4532-affd-0535c9ea82a7,.NET 10.0,False,True,False,True,Default,Default,False,False,False,Default,Default,Default,Default,Default,Default,Default,Default,Default,Default,Default,Default,Default,Default,Default,Default,Default,16,Default,4096,Clipped,235.16 ns,10.585 ns,29.856 ns,231.15 ns,0.06,0.01,0 B,NA
Scalar,AudioDefault,False,Default,Default,0.02,Default,Default,Default,1111111111111111,Empty,RyuJit,Default,X64,67b4a053-3646-4532-affd-0535c9ea82a7,.NET 10.0,False,True,False,True,Default,Default,False,False,False,Default,Default,Default,Default,Default,Default,Default,Default,Default,Default,Default,Default,Default,Default,Default,Default,Default,16,Default,4096,Silence,"3,945.71 ns",172.280 ns,507.972 ns,"3,767.23 ns",1.02,0.18,0 B,NA
Meter,AudioDefault,False,Default,Default,0.02,Default,Default,Default,1111111111111111,Empty,RyuJit,Default,X64,67b4a053-3646-4532-affd-0535c9ea82a7,.NET 10.0,False,True,False,True,Default,Default,False,False,False,Default,Default,Default,Default,Default,Default,Default,Default,Default,Default,Default,Default,Default,Default,Default,Default,Default,16,Default,4096,Silence,241.43 ns,10.746 ns,30.658 ns,234.78 ns,0.06,0.01,0 B,NA
Scalar,AudioDefault,False,Default,Default,0.02,Default,Default,Default,1111111111111111,Empty,RyuJit,Default,X64,67b4a053-3646-4532-affd-0535c9ea82a7,.NET 10.0,False,True,False,True,Default,Default,False,False,False,Default,Default,Default,Default,Default,Default,Default,Default,Default,Default,Default,Default,Default,Default,Default,Default,Default,16,Default,4096,Speech,"3,595.73 ns",101.259 ns,277.194 ns,"3,518.14 ns",1.01,0.10,0 B,NA
Meter,AudioDefault,False,Default,Default,0.02,Default,Default,Default,1111111111111111,Empty,RyuJit,Default,X64,67b4a053-3646-4532-affd-0535c9ea82a7,.NET 10.0,False,True,False,True,Default,Default,False,False,False,Default,Default,Default,Default,Default,Default,Default,Default,Default,Default,Default,Default,Default,Default,Default,Default,Default,16,Default,4096,Speech,230.58 ns,7.668 ns,22.490 ns,222.93 ns,0.06,0.01,0 B,NA
