Method,Job,AnalyzeLaunchVariance,EvaluateOverhead,MaxAbsoluteError,MaxRelativeError,MinInvokeCount,MinIterationTime,OutlierMode,Affinity,EnvironmentVariables,Jit,LargeAddressAware,Platform,PowerPlanMode,Runtime,AllowVeryLargeObjects,Concurrent,CpuGroups,Force,HeapAffinitizeMask,HeapCount,NoAffinitize,RetainVm,Server,Arguments,BuildConfiguration,Clock,EngineFactory,NuGetReferences,Toolchain,IsMutator,InvocationCount,IterationCount,IterationTime,LaunchCount,MaxIterationCount,MaxWarmupIterationCount,MemoryRandomization,MinIterationCount,MinWarmupIterationCount,RunStrategy,UnrollFactor,WarmupCount,Threshold,Profile,Mean,Error,StdDev,Median,Ratio,RatioSD,Allocated,Alloc Ratio
Scalar,AudioDefault,False,Default,Default,0.02,Default,Default,Default,1111111111111111,Empty,RyuJit,Default,X64,67b4a053-3646-4532-affd-0535c9ea82a7,.NET 10.0,False,True,False,True,Default,Default,False,False,False,Default,Default,Default,Default,Default,Default,Default,Default,Default,Default,Default,Default,Default,Default,Default,Default,Default,16,Default,0.008,Above,434.05 ns,12.005 ns,34.636 ns,427.23 ns,1.01,0.11,0 B,NA
Guarded,AudioDefault,False,Default,Default,0.02,Default,Default,Default,1111111111111111,Empty,RyuJit,Default,X64,67b4a053-3646-4532-affd-0535c9ea82a7,.NET 10.0,False,True,False,True,Default,Default,False,False,False,Default,Default,Default,Default,Default,Default,Default,Default,Default,Default,Default,Default,Default,Default,Default,Default,Default,16,Default,0.008,Above,512.50 ns,14.347 ns,41.163 ns,507.30 ns,1.19,0.13,0 B,NA
Scalar,AudioDefault,False,Default,Default,0.02,Default,Default,Default,1111111111111111,Empty,RyuJit,Default,X64,67b4a053-3646-4532-affd-0535c9ea82a7,.NET 10.0,False,True,False,True,Default,Default,False,False,False,Default,Default,Default,Default,Default,Default,Default,Default,Default,Default,Default,Default,Default,Default,Default,Default,Default,16,Default,0.008,At,417.11 ns,8.281 ns,12.646 ns,415.78 ns,1.00,0.04,0 B,NA
Guarded,AudioDefault,False,Default,Default,0.02,Default,Default,Default,1111111111111111,Empty,RyuJit,Default,X64,67b4a053-3646-4532-affd-0535c9ea82a7,.NET 10.0,False,True,False,True,Default,Default,False,False,False,Default,Default,Default,Default,Default,Default,Default,Default,Default,Default,Default,Default,Default,Default,Default,Default,Default,16,Default,0.008,At,516.83 ns,22.195 ns,62.237 ns,501.14 ns,1.24,0.15,0 B,NA
Scalar,AudioDefault,False,Default,Default,0.02,Default,Default,Default,1111111111111111,Empty,RyuJit,Default,X64,67b4a053-3646-4532-affd-0535c9ea82a7,.NET 10.0,False,True,False,True,Default,Default,False,False,False,Default,Default,Default,Default,Default,Default,Default,Default,Default,Default,Default,Default,Default,Default,Default,Default,Default,16,Default,0.008,Below,450.23 ns,16.885 ns,47.899 ns,438.02 ns,1.01,0.15,0 B,NA
Guarded,AudioDefault,False,Default,Default,0.02,Default,Default,Default,1111111111111111,Empty,RyuJit,Default,X64,67b4a053-3646-4532-affd-0535c9ea82a7,.NET 10.0,False,True,False,True,Default,Default,False,False,False,Default,Default,Default,Default,Default,Default,Default,Default,Default,Default,Default,Default,Default,Default,Default,Default,Default,16,Default,0.008,Below,507.29 ns,20.005 ns,58.984 ns,491.72 ns,1.14,0.17,0 B,NA
Scalar,AudioDefault,False,Default,Default,0.02,Default,Default,Default,1111111111111111,Empty,RyuJit,Default,X64,67b4a053-3646-4532-affd-0535c9ea82a7,.NET 10.0,False,True,False,True,Default,Default,False,False,False,Default,Default,Default,Default,Default,Default,Default,Default,Default,Default,Default,Default,Default,Default,Default,Default,Default,16,Default,0.008,Mixed,"12,651.02 ns",330.684 ns,938.096 ns,"12,469.45 ns",1.01,0.10,0 B,NA
Guarded,AudioDefault,False,Default,Default,0.02,Default,Default,Default,1111111111111111,Empty,RyuJit,Default,X64,67b4a053-3646-4532-affd-0535c9ea82a7,.NET 10.0,False,True,False,True,Default,Default,False,False,False,Default,Default,Default,Default,Default,Default,Default,Default,Default,Default,Default,Default,Default,Default,Default,Default,Default,16,Default,0.008,Mixed,"1,013.08 ns",32.777 ns,94.569 ns,"1,011.32 ns",0.08,0.01,0 B,NA
Scalar,AudioDefault,False,Default,Default,0.02,Default,Default,Default,1111111111111111,Empty,RyuJit,Default,X64,67b4a053-3646-4532-affd-0535c9ea82a7,.NET 10.0,False,True,False,True,Default,Default,False,False,False,Default,Default,Default,Default,Default,Default,Default,Default,Default,Default,Default,Default,Default,Default,Default,Default,Default,16,Default,0.008,Quiet,462.22 ns,22.578 ns,65.862 ns,451.14 ns,1.02,0.20,0 B,NA
Guarded,AudioDefault,False,Default,Default,0.02,Default,Default,Default,1111111111111111,Empty,RyuJit,Default,X64,67b4a053-3646-4532-affd-0535c9ea82a7,.NET 10.0,False,True,False,True,Default,Default,False,False,False,Default,Default,Default,Default,Default,Default,Default,Default,Default,Default,Default,Default,Default,Default,Default,Default,Default,16,Default,0.008,Quiet,25.80 ns,0.908 ns,2.562 ns,24.68 ns,0.06,0.01,0 B,NA
Scalar,AudioDefault,False,Default,Default,0.02,Default,Default,Default,1111111111111111,Empty,RyuJit,Default,X64,67b4a053-3646-4532-affd-0535c9ea82a7,.NET 10.0,False,True,False,True,Default,Default,False,False,False,Default,Default,Default,Default,Default,Default,Default,Default,Default,Default,Default,Default,Default,Default,Default,Default,Default,16,Default,0.008,Speech,400.06 ns,7.610 ns,15.373 ns,396.10 ns,1.00,0.05,0 B,NA
Guarded,AudioDefault,False,Default,Default,0.02,Default,Default,Default,1111111111111111,Empty,RyuJit,Default,X64,67b4a053-3646-4532-affd-0535c9ea82a7,.NET 10.0,False,True,False,True,Default,Default,False,False,False,Default,Default,Default,Default,Default,Default,Default,Default,Default,Default,Default,Default,Default,Default,Default,Default,Default,16,Default,0.008,Speech,29.03 ns,0.740 ns,2.182 ns,29.29 ns,0.07,0.01,0 B,NA
Scalar,AudioDefault,False,Default,Default,0.02,Default,Default,Default,1111111111111111,Empty,RyuJit,Default,X64,67b4a053-3646-4532-affd-0535c9ea82a7,.NET 10.0,False,True,False,True,Default,Default,False,False,False,Default,Default,Default,Default,Default,Default,Default,Default,Default,Default,Default,Default,Default,Default,Default,Default,Default,16,Default,0.03,Above,405.12 ns,7.990 ns,13.782 ns,409.98 ns,1.00,0.05,0 B,NA
Guarded,AudioDefault,False,Default,Default,0.02,Default,Default,Default,1111111111111111,Empty,RyuJit,Default,X64,67b4a053-3646-4532-affd-0535c9ea82a7,.NET 10.0,False,True,False,True,Default,Default,False,False,False,Default,Default,Default,Default,Default,Default,Default,Default,Default,Default,Default,Default,Default,Default,Default,Default,Default,16,Default,0.03,Above,466.00 ns,9.251 ns,22.165 ns,472.16 ns,1.15,0.07,0 B,NA
Scalar,AudioDefault,False,Default,Default,0.02,Default,Default,Default,1111111111111111,Empty,RyuJit,Default,X64,67b4a053-3646-4532-affd-0535c9ea82a7,.NET 10.0,False,True,False,True,Default,Default,False,False,False,Default,Default,Default,Default,Default,Default,Default,Default,Default,Default,Default,Default,Default,Default,Default,Default,Default,16,Default,0.03,At,408.17 ns,8.044 ns,12.523 ns,410.73 ns,1.00,0.04,0 B,NA
Guarded,AudioDefault,False,Default,Default,0.02,Default,Default,Default,1111111111111111,Empty,RyuJit,Default,X64,67b4a053-3646-4532-affd-0535c9ea82a7,.NET 10.0,False,True,False,True,Default,Default,False,False,False,Default,Default,Default,Default,Default,Default,Default,Default,Default,Default,Default,Default,Default,Default,Default,Default,Default,16,Default,0.03,At,460.81 ns,9.194 ns,25.014 ns,466.59 ns,1.13,0.07,0 B,NA
Scalar,AudioDefault,False,Default,Default,0.02,Default,Default,Default,1111111111111111,Empty,RyuJit,Default,X64,67b4a053-3646-4532-affd-0535c9ea82a7,.NET 10.0,False,True,False,True,Default,Default,False,False,False,Default,Default,Default,Default,Default,Default,Default,Default,Default,Default,Default,Default,Default,Default,Default,Default,Default,16,Default,0.03,Below,405.88 ns,7.991 ns,18.199 ns,407.70 ns,1.00,0.06,0 B,NA
Guarded,AudioDefault,False,Default,Default,0.02,Default,Default,Default,1111111111111111,Empty,RyuJit,Default,X64,67b4a053-3646-4532-affd-0535c9ea82a7,.NET 10.0,False,True,False,True,Default,Default,False,False,False,Default,Default,Default,Default,Default,Default,Default,Default,Default,Default,Default,Default,Default,Default,Default,Default,Default,16,Default,0.03,Below,463.73 ns,9.299 ns,20.990 ns,470.48 ns,1.14,0.07,0 B,NA
Scalar,AudioDefault,False,Default,Default,0.02,Default,Default,Default,1111111111111111,Empty,RyuJit,Default,X64,67b4a053-3646-4532-affd-0535c9ea82a7,.NET 10.0,False,True,False,True,Default,Default,False,False,False,Default,Default,Default,Default,Default,Default,Default,Default,Default,Default,Default,Default,Default,Default,Default,Default,Default,16,Default,0.03,Mixed,"12,509.79 ns",264.057 ns,770.266 ns,"12,536.52 ns",1.00,0.09,0 B,NA
Guarded,AudioDefault,False,Default,Default,0.02,Default,Default,Default,1111111111111111,Empty,RyuJit,Default,X64,67b4a053-3646-4532-affd-0535c9ea82a7,.NET 10.0,False,True,False,True,Default,Default,False,False,False,Default,Default,Default,Default,Default,Default,Default,Default,Default,Default,Default,Default,Default,Default,Default,Default,Default,16,Default,0.03,Mixed,986.57 ns,19.428 ns,40.554 ns,993.96 ns,0.08,0.01,0 B,NA
Scalar,AudioDefault,False,Default,Default,0.02,Default,Default,Default,1111111111111111,Empty,RyuJit,Default,X64,67b4a053-3646-4532-affd-0535c9ea82a7,.NET 10.0,False,True,False,True,Default,Default,False,False,False,Default,Default,Default,Default,Default,Default,Default,Default,Default,Default,Default,Default,Default,Default,Default,Default,Default,16,Default,0.03,Quiet,401.26 ns,7.978 ns,14.984 ns,400.34 ns,1.00,0.05,0 B,NA
Guarded,AudioDefault,False,Default,Default,0.02,Default,Default,Default,1111111111111111,Empty,RyuJit,Default,X64,67b4a053-3646-4532-affd-0535c9ea82a7,.NET 10.0,False,True,False,True,Default,Default,False,False,False,Default,Default,Default,Default,Default,Default,Default,Default,Default,Default,Default,Default,Default,Default,Default,Default,Default,16,Default,0.03,Quiet,25.97 ns,0.716 ns,2.099 ns,25.58 ns,0.06,0.01,0 B,NA
Scalar,AudioDefault,False,Default,Default,0.02,Default,Default,Default,1111111111111111,Empty,RyuJit,Default,X64,67b4a053-3646-4532-affd-0535c9ea82a7,.NET 10.0,False,True,False,True,Default,Default,False,False,False,Default,Default,Default,Default,Default,Default,Default,Default,Default,Default,Default,Default,Default,Default,Default,Default,Default,16,Default,0.03,Speech,402.42 ns,8.069 ns,11.828 ns,408.03 ns,1.00,0.04,0 B,NA
Guarded,AudioDefault,False,Default,Default,0.02,Default,Default,Default,1111111111111111,Empty,RyuJit,Default,X64,67b4a053-3646-4532-affd-0535c9ea82a7,.NET 10.0,False,True,False,True,Default,Default,False,False,False,Default,Default,Default,Default,Default,Default,Default,Default,Default,Default,Default,Default,Default,Default,Default,Default,Default,16,Default,0.03,Speech,27.61 ns,0.668 ns,1.971 ns,28.71 ns,0.07,0.01,0 B,NA
