Method,Job,AnalyzeLaunchVariance,EvaluateOverhead,MaxAbsoluteError,MaxRelativeError,MinInvokeCount,MinIterationTime,OutlierMode,Affinity,EnvironmentVariables,Jit,LargeAddressAware,Platform,PowerPlanMode,Runtime,AllowVeryLargeObjects,Concurrent,CpuGroups,Force,HeapAffinitizeMask,HeapCount,NoAffinitize,RetainVm,Server,Arguments,BuildConfiguration,Clock,EngineFactory,NuGetReferences,Toolchain,IsMutator,InvocationCount,IterationCount,IterationTime,LaunchCount,MaxIterationCount,MaxWarmupIterationCount,MemoryRandomization,MinIterationCount,MinWarmupIterationCount,RunStrategy,UnrollFactor,WarmupCount,Length,Mean,Error,StdDev,Median,Ratio,RatioSD,Allocated,Alloc Ratio
Scalar,AudioDefault,False,Default,Default,0.02,Default,Default,Default,1111111111111111,Empty,RyuJit,Default,X64,67b4a053-3646-4532-affd-0535c9ea82a7,.NET 10.0,False,True,False,True,Default,Default,False,False,False,Default,Default,Default,Default,Default,Default,Default,Default,Default,Default,Default,Default,Default,Default,Default,Default,Default,16,Default,16,5.591 ns,0.3835 ns,1.0752 ns,5.364 ns,1.03,0.26,0 B,NA
Meter,AudioDefault,False,Default,Default,0.02,Default,Default,Default,1111111111111111,Empty,RyuJit,Default,X64,67b4a053-3646-4532-affd-0535c9ea82a7,.NET 10.0,False,True,False,True,Default,Default,False,False,False,Default,Default,Default,Default,Default,Default,Default,Default,Default,Default,Default,Default,Default,Default,Default,Default,Default,16,Default,16,7.132 ns,0.3031 ns,0.8891 ns,7.031 ns,1.32,0.27,0 B,NA
Scalar,AudioDefault,False,Default,Default,0.02,Default,Default,Default,1111111111111111,Empty,RyuJit,Default,X64,67b4a053-3646-4532-affd-0535c9ea82a7,.NET 10.0,False,True,False,True,Default,Default,False,False,False,Default,Default,Default,Default,Default,Default,Default,Default,Default,Default,Default,Default,Default,Default,Default,Default,Default,16,Default,31,16.055 ns,0.5085 ns,1.3919 ns,15.965 ns,1.01,0.12,0 B,NA
Meter,AudioDefault,False,Default,Default,0.02,Default,Default,Default,1111111111111111,Empty,RyuJit,Default,X64,67b4a053-3646-4532-affd-0535c9ea82a7,.NET 10.0,False,True,False,True,Default,Default,False,False,False,Default,Default,Default,Default,Default,Default,Default,Default,Default,Default,Default,Default,Default,Default,Default,Default,Default,16,Default,31,16.844 ns,1.3719 ns,3.9582 ns,15.867 ns,1.06,0.26,0 B,NA
Scalar,AudioDefault,False,Default,Default,0.02,Default,Default,Default,1111111111111111,Empty,RyuJit,Default,X64,67b4a053-3646-4532-affd-0535c9ea82a7,.NET 10.0,False,True,False,True,Default,Default,False,False,False,Default,Default,Default,Default,Default,Default,Default,Default,Default,Default,Default,Default,Default,Default,Default,Default,Default,16,Default,32,20.256 ns,1.3481 ns,3.9112 ns,18.905 ns,1.03,0.27,0 B,NA
Meter,AudioDefault,False,Default,Default,0.02,Default,Default,Default,1111111111111111,Empty,RyuJit,Default,X64,67b4a053-3646-4532-affd-0535c9ea82a7,.NET 10.0,False,True,False,True,Default,Default,False,False,False,Default,Default,Default,Default,Default,Default,Default,Default,Default,Default,Default,Default,Default,Default,Default,Default,Default,16,Default,32,9.604 ns,0.6098 ns,1.6694 ns,9.367 ns,0.49,0.12,0 B,NA
Scalar,AudioDefault,False,Default,Default,0.02,Default,Default,Default,1111111111111111,Empty,RyuJit,Default,X64,67b4a053-3646-4532-affd-0535c9ea82a7,.NET 10.0,False,True,False,True,Default,Default,False,False,False,Default,Default,Default,Default,Default,Default,Default,Default,Default,Default,Default,Default,Default,Default,Default,Default,Default,16,Default,33,19.715 ns,0.9167 ns,2.6301 ns,19.619 ns,1.02,0.19,0 B,NA
Meter,AudioDefault,False,Default,Default,0.02,Default,Default,Default,1111111111111111,Empty,RyuJit,Default,X64,67b4a053-3646-4532-affd-0535c9ea82a7,.NET 10.0,False,True,False,True,Default,Default,False,False,False,Default,Default,Default,Default,Default,Default,Default,Default,Default,Default,Default,Default,Default,Default,Default,Default,Default,16,Default,33,11.409 ns,0.4551 ns,1.3132 ns,11.111 ns,0.59,0.10,0 B,NA
Scalar,AudioDefault,False,Default,Default,0.02,Default,Default,Default,1111111111111111,Empty,RyuJit,Default,X64,67b4a053-3646-4532-affd-0535c9ea82a7,.NET 10.0,False,True,False,True,Default,Default,False,False,False,Default,Default,Default,Default,Default,Default,Default,Default,Default,Default,Default,Default,Default,Default,Default,Default,Default,16,Default,511,502.698 ns,24.3079 ns,71.2910 ns,502.626 ns,1.02,0.20,0 B,NA
Meter,AudioDefault,False,Default,Default,0.02,Default,Default,Default,1111111111111111,Empty,RyuJit,Default,X64,67b4a053-3646-4532-affd-0535c9ea82a7,.NET 10.0,False,True,False,True,Default,Default,False,False,False,Default,Default,Default,Default,Default,Default,Default,Default,Default,Default,Default,Default,Default,Default,Default,Default,Default,16,Default,511,32.423 ns,1.1671 ns,3.3109 ns,32.179 ns,0.07,0.01,0 B,NA
Scalar,AudioDefault,False,Default,Default,0.02,Default,Default,Default,1111111111111111,Empty,RyuJit,Default,X64,67b4a053-3646-4532-affd-0535c9ea82a7,.NET 10.0,False,True,False,True,Default,Default,False,False,False,Default,Default,Default,Default,Default,Default,Default,Default,Default,Default,Default,Default,Default,Default,Default,Default,Default,16,Default,513,457.166 ns,13.5242 ns,37.7001 ns,441.515 ns,1.01,0.11,0 B,NA
Meter,AudioDefault,False,Default,Default,0.02,Default,Default,Default,1111111111111111,Empty,RyuJit,Default,X64,67b4a053-3646-4532-affd-0535c9ea82a7,.NET 10.0,False,True,False,True,Default,Default,False,False,False,Default,Default,Default,Default,Default,Default,Default,Default,Default,Default,Default,Default,Default,Default,Default,Default,Default,16,Default,513,27.206 ns,1.4342 ns,4.0918 ns,26.772 ns,0.06,0.01,0 B,NA
Scalar,AudioDefault,False,Default,Default,0.02,Default,Default,Default,1111111111111111,Empty,RyuJit,Default,X64,67b4a053-3646-4532-affd-0535c9ea82a7,.NET 10.0,False,True,False,True,Default,Default,False,False,False,Default,Default,Default,Default,Default,Default,Default,Default,Default,Default,Default,Default,Default,Default,Default,Default,Default,16,Default,4097,"4,263.847 ns",246.9085 ns,724.1401 ns,"3,976.409 ns",1.03,0.23,0 B,NA
Meter,AudioDefault,False,Default,Default,0.02,Default,Default,Default,1111111111111111,Empty,RyuJit,Default,X64,67b4a053-3646-4532-affd-0535c9ea82a7,.NET 10.0,False,True,False,True,Default,Default,False,False,False,Default,Default,Default,Default,Default,Default,Default,Default,Default,Default,Default,Default,Default,Default,Default,Default,Default,16,Default,4097,"3,499.193 ns",69.2549 ns,103.6575 ns,"3,522.646 ns",0.84,0.13,0 B,NA
Scalar,AudioDefault,False,Default,Default,0.02,Default,Default,Default,1111111111111111,Empty,RyuJit,Default,X64,67b4a053-3646-4532-affd-0535c9ea82a7,.NET 10.0,False,True,False,True,Default,Default,False,False,False,Default,Default,Default,Default,Default,Default,Default,Default,Default,Default,Default,Default,Default,Default,Default,Default,Default,16,Default,16000,"17,169.405 ns","1,084.6535 ns","3,198.1256 ns","16,249.928 ns",1.03,0.26,0 B,NA
Meter,AudioDefault,False,Default,Default,0.02,Default,Default,Default,1111111111111111,Empty,RyuJit,Default,X64,67b4a053-3646-4532-affd-0535c9ea82a7,.NET 10.0,False,True,False,True,Default,Default,False,False,False,Default,Default,Default,Default,Default,Default,Default,Default,Default,Default,Default,Default,Default,Default,Default,Default,Default,16,Default,16000,"18,329.924 ns",963.7298 ns,"2,826.4530 ns","18,213.300 ns",1.10,0.26,0 B,NA
