Method,Job,AnalyzeLaunchVariance,EvaluateOverhead,MaxAbsoluteError,MaxRelativeError,MinInvokeCount,MinIterationTime,OutlierMode,Affinity,EnvironmentVariables,Jit,LargeAddressAware,Platform,PowerPlanMode,Runtime,AllowVeryLargeObjects,Concurrent,CpuGroups,Force,HeapAffinitizeMask,HeapCount,NoAffinitize,RetainVm,Server,Arguments,BuildConfiguration,Clock,EngineFactory,NuGetReferences,Toolchain,IsMutator,InvocationCount,IterationCount,IterationTime,LaunchCount,MaxIterationCount,MaxWarmupIterationCount,MemoryRandomization,MinIterationCount,MinWarmupIterationCount,RunStrategy,UnrollFactor,WarmupCount,Length,Profile,Mean,Error,StdDev,Median,Ratio,RatioSD,Allocated,Alloc Ratio
'copy + scalar gain',AudioDefault,False,Default,Default,0.02,Default,Default,Default,1111111111111111,Empty,RyuJit,Default,X64,67b4a053-3646-4532-affd-0535c9ea82a7,.NET 10.0,False,True,False,True,Default,Default,False,False,False,Default,Default,Default,Default,Default,Default,Default,Default,Default,Default,Default,Default,Default,Default,Default,Default,Default,16,Default,480,Clipped,394.81 ns,12.816 ns,35.514 ns,386.45 ns,1.01,0.12,0 B,NA
'copy + tensor gain',AudioDefault,False,Default,Default,0.02,Default,Default,Default,1111111111111111,Empty,RyuJit,Default,X64,67b4a053-3646-4532-affd-0535c9ea82a7,.NET 10.0,False,True,False,True,Default,Default,False,False,False,Default,Default,Default,Default,Default,Default,Default,Default,Default,Default,Default,Default,Default,Default,Default,Default,Default,16,Default,480,Clipped,79.69 ns,1.592 ns,4.277 ns,81.06 ns,0.20,0.02,0 B,NA
'copy only (diagnostic)',AudioDefault,False,Default,Default,0.02,Default,Default,Default,1111111111111111,Empty,RyuJit,Default,X64,67b4a053-3646-4532-affd-0535c9ea82a7,.NET 10.0,False,True,False,True,Default,Default,False,False,False,Default,Default,Default,Default,Default,Default,Default,Default,Default,Default,Default,Default,Default,Default,Default,Default,Default,16,Default,480,Clipped,19.13 ns,0.429 ns,0.976 ns,19.45 ns,0.05,0.00,0 B,NA
'copy + scalar gain',AudioDefault,False,Default,Default,0.02,Default,Default,Default,1111111111111111,Empty,RyuJit,Default,X64,67b4a053-3646-4532-affd-0535c9ea82a7,.NET 10.0,False,True,False,True,Default,Default,False,False,False,Default,Default,Default,Default,Default,Default,Default,Default,Default,Default,Default,Default,Default,Default,Default,Default,Default,16,Default,480,Low,423.26 ns,8.421 ns,18.485 ns,426.11 ns,1.00,0.06,0 B,NA
'copy + tensor gain',AudioDefault,False,Default,Default,0.02,Default,Default,Default,1111111111111111,Empty,RyuJit,Default,X64,67b4a053-3646-4532-affd-0535c9ea82a7,.NET 10.0,False,True,False,True,Default,Default,False,False,False,Default,Default,Default,Default,Default,Default,Default,Default,Default,Default,Default,Default,Default,Default,Default,Default,Default,16,Default,480,Low,78.28 ns,1.658 ns,4.889 ns,80.38 ns,0.19,0.01,0 B,NA
'copy only (diagnostic)',AudioDefault,False,Default,Default,0.02,Default,Default,Default,1111111111111111,Empty,RyuJit,Default,X64,67b4a053-3646-4532-affd-0535c9ea82a7,.NET 10.0,False,True,False,True,Default,Default,False,False,False,Default,Default,Default,Default,Default,Default,Default,Default,Default,Default,Default,Default,Default,Default,Default,Default,Default,16,Default,480,Low,20.21 ns,0.456 ns,1.019 ns,20.45 ns,0.05,0.00,0 B,NA
'copy + scalar gain',AudioDefault,False,Default,Default,0.02,Default,Default,Default,1111111111111111,Empty,RyuJit,Default,X64,67b4a053-3646-4532-affd-0535c9ea82a7,.NET 10.0,False,True,False,True,Default,Default,False,False,False,Default,Default,Default,Default,Default,Default,Default,Default,Default,Default,Default,Default,Default,Default,Default,Default,Default,16,Default,480,Speech,416.04 ns,8.231 ns,15.661 ns,421.47 ns,1.00,0.05,0 B,NA
'copy + tensor gain',AudioDefault,False,Default,Default,0.02,Default,Default,Default,1111111111111111,Empty,RyuJit,Default,X64,67b4a053-3646-4532-affd-0535c9ea82a7,.NET 10.0,False,True,False,True,Default,Default,False,False,False,Default,Default,Default,Default,Default,Default,Default,Default,Default,Default,Default,Default,Default,Default,Default,Default,Default,16,Default,480,Speech,76.24 ns,2.120 ns,6.219 ns,78.10 ns,0.18,0.02,0 B,NA
'copy only (diagnostic)',AudioDefault,False,Default,Default,0.02,Default,Default,Default,1111111111111111,Empty,RyuJit,Default,X64,67b4a053-3646-4532-affd-0535c9ea82a7,.NET 10.0,False,True,False,True,Default,Default,False,False,False,Default,Default,Default,Default,Default,Default,Default,Default,Default,Default,Default,Default,Default,Default,Default,Default,Default,16,Default,480,Speech,18.42 ns,0.417 ns,0.951 ns,18.73 ns,0.04,0.00,0 B,NA
'copy + scalar gain',AudioDefault,False,Default,Default,0.02,Default,Default,Default,1111111111111111,Empty,RyuJit,Default,X64,67b4a053-3646-4532-affd-0535c9ea82a7,.NET 10.0,False,True,False,True,Default,Default,False,False,False,Default,Default,Default,Default,Default,Default,Default,Default,Default,Default,Default,Default,Default,Default,Default,Default,Default,16,Default,512,Clipped,402.14 ns,8.035 ns,14.488 ns,404.85 ns,1.00,0.05,0 B,NA
'copy + tensor gain',AudioDefault,False,Default,Default,0.02,Default,Default,Default,1111111111111111,Empty,RyuJit,Default,X64,67b4a053-3646-4532-affd-0535c9ea82a7,.NET 10.0,False,True,False,True,Default,Default,False,False,False,Default,Default,Default,Default,Default,Default,Default,Default,Default,Default,Default,Default,Default,Default,Default,Default,Default,16,Default,512,Clipped,77.94 ns,1.595 ns,4.032 ns,79.48 ns,0.19,0.01,0 B,NA
'copy only (diagnostic)',AudioDefault,False,Default,Default,0.02,Default,Default,Default,1111111111111111,Empty,RyuJit,Default,X64,67b4a053-3646-4532-affd-0535c9ea82a7,.NET 10.0,False,True,False,True,Default,Default,False,False,False,Default,Default,Default,Default,Default,Default,Default,Default,Default,Default,Default,Default,Default,Default,Default,Default,Default,16,Default,512,Clipped,20.35 ns,0.452 ns,1.020 ns,20.62 ns,0.05,0.00,0 B,NA
'copy + scalar gain',AudioDefault,False,Default,Default,0.02,Default,Default,Default,1111111111111111,Empty,RyuJit,Default,X64,67b4a053-3646-4532-affd-0535c9ea82a7,.NET 10.0,False,True,False,True,Default,Default,False,False,False,Default,Default,Default,Default,Default,Default,Default,Default,Default,Default,Default,Default,Default,Default,Default,Default,Default,16,Default,512,Low,438.45 ns,8.765 ns,21.334 ns,441.77 ns,1.00,0.07,0 B,NA
'copy + tensor gain',AudioDefault,False,Default,Default,0.02,Default,Default,Default,1111111111111111,Empty,RyuJit,Default,X64,67b4a053-3646-4532-affd-0535c9ea82a7,.NET 10.0,False,True,False,True,Default,Default,False,False,False,Default,Default,Default,Default,Default,Default,Default,Default,Default,Default,Default,Default,Default,Default,Default,Default,Default,16,Default,512,Low,81.78 ns,1.806 ns,5.326 ns,81.41 ns,0.19,0.02,0 B,NA
'copy only (diagnostic)',AudioDefault,False,Default,Default,0.02,Default,Default,Default,1111111111111111,Empty,RyuJit,Default,X64,67b4a053-3646-4532-affd-0535c9ea82a7,.NET 10.0,False,True,False,True,Default,Default,False,False,False,Default,Default,Default,Default,Default,Default,Default,Default,Default,Default,Default,Default,Default,Default,Default,Default,Default,16,Default,512,Low,20.60 ns,0.464 ns,0.859 ns,20.73 ns,0.05,0.00,0 B,NA
'copy + scalar gain',AudioDefault,False,Default,Default,0.02,Default,Default,Default,1111111111111111,Empty,RyuJit,Default,X64,67b4a053-3646-4532-affd-0535c9ea82a7,.NET 10.0,False,True,False,True,Default,Default,False,False,False,Default,Default,Default,Default,Default,Default,Default,Default,Default,Default,Default,Default,Default,Default,Default,Default,Default,16,Default,512,Speech,408.76 ns,8.122 ns,19.144 ns,409.56 ns,1.00,0.07,0 B,NA
'copy + tensor gain',AudioDefault,False,Default,Default,0.02,Default,Default,Default,1111111111111111,Empty,RyuJit,Default,X64,67b4a053-3646-4532-affd-0535c9ea82a7,.NET 10.0,False,True,False,True,Default,Default,False,False,False,Default,Default,Default,Default,Default,Default,Default,Default,Default,Default,Default,Default,Default,Default,Default,Default,Default,16,Default,512,Speech,78.21 ns,1.798 ns,5.246 ns,78.40 ns,0.19,0.02,0 B,NA
'copy only (diagnostic)',AudioDefault,False,Default,Default,0.02,Default,Default,Default,1111111111111111,Empty,RyuJit,Default,X64,67b4a053-3646-4532-affd-0535c9ea82a7,.NET 10.0,False,True,False,True,Default,Default,False,False,False,Default,Default,Default,Default,Default,Default,Default,Default,Default,Default,Default,Default,Default,Default,Default,Default,Default,16,Default,512,Speech,19.81 ns,0.445 ns,0.985 ns,19.89 ns,0.05,0.00,0 B,NA
'copy + scalar gain',AudioDefault,False,Default,Default,0.02,Default,Default,Default,1111111111111111,Empty,RyuJit,Default,X64,67b4a053-3646-4532-affd-0535c9ea82a7,.NET 10.0,False,True,False,True,Default,Default,False,False,False,Default,Default,Default,Default,Default,Default,Default,Default,Default,Default,Default,Default,Default,Default,Default,Default,Default,16,Default,960,Clipped,885.96 ns,17.653 ns,37.619 ns,894.95 ns,1.00,0.06,0 B,NA
'copy + tensor gain',AudioDefault,False,Default,Default,0.02,Default,Default,Default,1111111111111111,Empty,RyuJit,Default,X64,67b4a053-3646-4532-affd-0535c9ea82a7,.NET 10.0,False,True,False,True,Default,Default,False,False,False,Default,Default,Default,Default,Default,Default,Default,Default,Default,Default,Default,Default,Default,Default,Default,Default,Default,16,Default,960,Clipped,158.11 ns,3.208 ns,7.930 ns,160.33 ns,0.18,0.01,0 B,NA
'copy only (diagnostic)',AudioDefault,False,Default,Default,0.02,Default,Default,Default,1111111111111111,Empty,RyuJit,Default,X64,67b4a053-3646-4532-affd-0535c9ea82a7,.NET 10.0,False,True,False,True,Default,Default,False,False,False,Default,Default,Default,Default,Default,Default,Default,Default,Default,Default,Default,Default,Default,Default,Default,Default,Default,16,Default,960,Clipped,43.10 ns,0.897 ns,1.771 ns,43.64 ns,0.05,0.00,0 B,NA
'copy + scalar gain',AudioDefault,False,Default,Default,0.02,Default,Default,Default,1111111111111111,Empty,RyuJit,Default,X64,67b4a053-3646-4532-affd-0535c9ea82a7,.NET 10.0,False,True,False,True,Default,Default,False,False,False,Default,Default,Default,Default,Default,Default,Default,Default,Default,Default,Default,Default,Default,Default,Default,Default,Default,16,Default,960,Low,713.27 ns,14.276 ns,36.336 ns,725.81 ns,1.00,0.07,0 B,NA
'copy + tensor gain',AudioDefault,False,Default,Default,0.02,Default,Default,Default,1111111111111111,Empty,RyuJit,Default,X64,67b4a053-3646-4532-affd-0535c9ea82a7,.NET 10.0,False,True,False,True,Default,Default,False,False,False,Default,Default,Default,Default,Default,Default,Default,Default,Default,Default,Default,Default,Default,Default,Default,Default,Default,16,Default,960,Low,153.22 ns,3.125 ns,7.955 ns,152.64 ns,0.22,0.02,0 B,NA
'copy only (diagnostic)',AudioDefault,False,Default,Default,0.02,Default,Default,Default,1111111111111111,Empty,RyuJit,Default,X64,67b4a053-3646-4532-affd-0535c9ea82a7,.NET 10.0,False,True,False,True,Default,Default,False,False,False,Default,Default,Default,Default,Default,Default,Default,Default,Default,Default,Default,Default,Default,Default,Default,Default,Default,16,Default,960,Low,42.66 ns,0.890 ns,1.462 ns,42.39 ns,0.06,0.00,0 B,NA
'copy + scalar gain',AudioDefault,False,Default,Default,0.02,Default,Default,Default,1111111111111111,Empty,RyuJit,Default,X64,67b4a053-3646-4532-affd-0535c9ea82a7,.NET 10.0,False,True,False,True,Default,Default,False,False,False,Default,Default,Default,Default,Default,Default,Default,Default,Default,Default,Default,Default,Default,Default,Default,Default,Default,16,Default,960,Speech,706.53 ns,13.991 ns,25.229 ns,709.94 ns,1.00,0.05,0 B,NA
'copy + tensor gain',AudioDefault,False,Default,Default,0.02,Default,Default,Default,1111111111111111,Empty,RyuJit,Default,X64,67b4a053-3646-4532-affd-0535c9ea82a7,.NET 10.0,False,True,False,True,Default,Default,False,False,False,Default,Default,Default,Default,Default,Default,Default,Default,Default,Default,Default,Default,Default,Default,Default,Default,Default,16,Default,960,Speech,154.00 ns,3.133 ns,8.523 ns,152.75 ns,0.22,0.01,0 B,NA
'copy only (diagnostic)',AudioDefault,False,Default,Default,0.02,Default,Default,Default,1111111111111111,Empty,RyuJit,Default,X64,67b4a053-3646-4532-affd-0535c9ea82a7,.NET 10.0,False,True,False,True,Default,Default,False,False,False,Default,Default,Default,Default,Default,Default,Default,Default,Default,Default,Default,Default,Default,Default,Default,Default,Default,16,Default,960,Speech,45.05 ns,0.948 ns,1.360 ns,44.96 ns,0.06,0.00,0 B,NA
'copy + scalar gain',AudioDefault,False,Default,Default,0.02,Default,Default,Default,1111111111111111,Empty,RyuJit,Default,X64,67b4a053-3646-4532-affd-0535c9ea82a7,.NET 10.0,False,True,False,True,Default,Default,False,False,False,Default,Default,Default,Default,Default,Default,Default,Default,Default,Default,Default,Default,Default,Default,Default,Default,Default,16,Default,1600,Clipped,"1,419.72 ns",28.269 ns,57.105 ns,"1,420.86 ns",1.00,0.06,0 B,NA
'copy + tensor gain',AudioDefault,False,Default,Default,0.02,Default,Default,Default,1111111111111111,Empty,RyuJit,Default,X64,67b4a053-3646-4532-affd-0535c9ea82a7,.NET 10.0,False,True,False,True,Default,Default,False,False,False,Default,Default,Default,Default,Default,Default,Default,Default,Default,Default,Default,Default,Default,Default,Default,Default,Default,16,Default,1600,Clipped,246.07 ns,4.965 ns,14.247 ns,246.96 ns,0.17,0.01,0 B,NA
'copy only (diagnostic)',AudioDefault,False,Default,Default,0.02,Default,Default,Default,1111111111111111,Empty,RyuJit,Default,X64,67b4a053-3646-4532-affd-0535c9ea82a7,.NET 10.0,False,True,False,True,Default,Default,False,False,False,Default,Default,Default,Default,Default,Default,Default,Default,Default,Default,Default,Default,Default,Default,Default,Default,Default,16,Default,1600,Clipped,63.78 ns,1.096 ns,1.501 ns,63.65 ns,0.05,0.00,0 B,NA
'copy + scalar gain',AudioDefault,False,Default,Default,0.02,Default,Default,Default,1111111111111111,Empty,RyuJit,Default,X64,67b4a053-3646-4532-affd-0535c9ea82a7,.NET 10.0,False,True,False,True,Default,Default,False,False,False,Default,Default,Default,Default,Default,Default,Default,Default,Default,Default,Default,Default,Default,Default,Default,Default,Default,16,Default,1600,Low,"1,188.03 ns",23.591 ns,51.783 ns,"1,186.82 ns",1.00,0.06,0 B,NA
'copy + tensor gain',AudioDefault,False,Default,Default,0.02,Default,Default,Default,1111111111111111,Empty,RyuJit,Default,X64,67b4a053-3646-4532-affd-0535c9ea82a7,.NET 10.0,False,True,False,True,Default,Default,False,False,False,Default,Default,Default,Default,Default,Default,Default,Default,Default,Default,Default,Default,Default,Default,Default,Default,Default,16,Default,1600,Low,256.73 ns,5.569 ns,16.421 ns,262.90 ns,0.22,0.02,0 B,NA
'copy only (diagnostic)',AudioDefault,False,Default,Default,0.02,Default,Default,Default,1111111111111111,Empty,RyuJit,Default,X64,67b4a053-3646-4532-affd-0535c9ea82a7,.NET 10.0,False,True,False,True,Default,Default,False,False,False,Default,Default,Default,Default,Default,Default,Default,Default,Default,Default,Default,Default,Default,Default,Default,Default,Default,16,Default,1600,Low,62.13 ns,1.299 ns,2.958 ns,63.31 ns,0.05,0.00,0 B,NA
'copy + scalar gain',AudioDefault,False,Default,Default,0.02,Default,Default,Default,1111111111111111,Empty,RyuJit,Default,X64,67b4a053-3646-4532-affd-0535c9ea82a7,.NET 10.0,False,True,False,True,Default,Default,False,False,False,Default,Default,Default,Default,Default,Default,Default,Default,Default,Default,Default,Default,Default,Default,Default,Default,Default,16,Default,1600,Speech,"1,192.49 ns",23.714 ns,59.928 ns,"1,215.89 ns",1.00,0.07,0 B,NA
'copy + tensor gain',AudioDefault,False,Default,Default,0.02,Default,Default,Default,1111111111111111,Empty,RyuJit,Default,X64,67b4a053-3646-4532-affd-0535c9ea82a7,.NET 10.0,False,True,False,True,Default,Default,False,False,False,Default,Default,Default,Default,Default,Default,Default,Default,Default,Default,Default,Default,Default,Default,Default,Default,Default,16,Default,1600,Speech,256.56 ns,5.731 ns,16.899 ns,259.31 ns,0.22,0.02,0 B,NA
'copy only (diagnostic)',AudioDefault,False,Default,Default,0.02,Default,Default,Default,1111111111111111,Empty,RyuJit,Default,X64,67b4a053-3646-4532-affd-0535c9ea82a7,.NET 10.0,False,True,False,True,Default,Default,False,False,False,Default,Default,Default,Default,Default,Default,Default,Default,Default,Default,Default,Default,Default,Default,Default,Default,Default,16,Default,1600,Speech,67.28 ns,1.383 ns,1.893 ns,67.32 ns,0.06,0.00,0 B,NA
'copy + scalar gain',AudioDefault,False,Default,Default,0.02,Default,Default,Default,1111111111111111,Empty,RyuJit,Default,X64,67b4a053-3646-4532-affd-0535c9ea82a7,.NET 10.0,False,True,False,True,Default,Default,False,False,False,Default,Default,Default,Default,Default,Default,Default,Default,Default,Default,Default,Default,Default,Default,Default,Default,Default,16,Default,4096,Clipped,"3,849.00 ns",76.072 ns,74.713 ns,"3,856.24 ns",1.00,0.03,0 B,NA
'copy + tensor gain',AudioDefault,False,Default,Default,0.02,Default,Default,Default,1111111111111111,Empty,RyuJit,Default,X64,67b4a053-3646-4532-affd-0535c9ea82a7,.NET 10.0,False,True,False,True,Default,Default,False,False,False,Default,Default,Default,Default,Default,Default,Default,Default,Default,Default,Default,Default,Default,Default,Default,Default,Default,16,Default,4096,Clipped,663.78 ns,13.286 ns,21.074 ns,666.86 ns,0.17,0.01,0 B,NA
'copy only (diagnostic)',AudioDefault,False,Default,Default,0.02,Default,Default,Default,1111111111111111,Empty,RyuJit,Default,X64,67b4a053-3646-4532-affd-0535c9ea82a7,.NET 10.0,False,True,False,True,Default,Default,False,False,False,Default,Default,Default,Default,Default,Default,Default,Default,Default,Default,Default,Default,Default,Default,Default,Default,Default,16,Default,4096,Clipped,235.13 ns,4.756 ns,6.015 ns,234.61 ns,0.06,0.00,0 B,NA
'copy + scalar gain',AudioDefault,False,Default,Default,0.02,Default,Default,Default,1111111111111111,Empty,RyuJit,Default,X64,67b4a053-3646-4532-affd-0535c9ea82a7,.NET 10.0,False,True,False,True,Default,Default,False,False,False,Default,Default,Default,Default,Default,Default,Default,Default,Default,Default,Default,Default,Default,Default,Default,Default,Default,16,Default,4096,Low,"3,428.15 ns",66.724 ns,71.394 ns,"3,433.09 ns",1.00,0.03,0 B,NA
'copy + tensor gain',AudioDefault,False,Default,Default,0.02,Default,Default,Default,1111111111111111,Empty,RyuJit,Default,X64,67b4a053-3646-4532-affd-0535c9ea82a7,.NET 10.0,False,True,False,True,Default,Default,False,False,False,Default,Default,Default,Default,Default,Default,Default,Default,Default,Default,Default,Default,Default,Default,Default,Default,Default,16,Default,4096,Low,653.24 ns,13.120 ns,29.613 ns,647.93 ns,0.19,0.01,0 B,NA
'copy only (diagnostic)',AudioDefault,False,Default,Default,0.02,Default,Default,Default,1111111111111111,Empty,RyuJit,Default,X64,67b4a053-3646-4532-affd-0535c9ea82a7,.NET 10.0,False,True,False,True,Default,Default,False,False,False,Default,Default,Default,Default,Default,Default,Default,Default,Default,Default,Default,Default,Default,Default,Default,Default,Default,16,Default,4096,Low,549.71 ns,10.609 ns,11.791 ns,549.75 ns,0.16,0.00,0 B,NA
'copy + scalar gain',AudioDefault,False,Default,Default,0.02,Default,Default,Default,1111111111111111,Empty,RyuJit,Default,X64,67b4a053-3646-4532-affd-0535c9ea82a7,.NET 10.0,False,True,False,True,Default,Default,False,False,False,Default,Default,Default,Default,Default,Default,Default,Default,Default,Default,Default,Default,Default,Default,Default,Default,Default,16,Default,4096,Speech,"3,176.49 ns",60.972 ns,81.397 ns,"3,174.31 ns",1.00,0.04,0 B,NA
'copy + tensor gain',AudioDefault,False,Default,Default,0.02,Default,Default,Default,1111111111111111,Empty,RyuJit,Default,X64,67b4a053-3646-4532-affd-0535c9ea82a7,.NET 10.0,False,True,False,True,Default,Default,False,False,False,Default,Default,Default,Default,Default,Default,Default,Default,Default,Default,Default,Default,Default,Default,Default,Default,Default,16,Default,4096,Speech,656.64 ns,12.805 ns,29.422 ns,652.27 ns,0.21,0.01,0 B,NA
'copy only (diagnostic)',AudioDefault,False,Default,Default,0.02,Default,Default,Default,1111111111111111,Empty,RyuJit,Default,X64,67b4a053-3646-4532-affd-0535c9ea82a7,.NET 10.0,False,True,False,True,Default,Default,False,False,False,Default,Default,Default,Default,Default,Default,Default,Default,Default,Default,Default,Default,Default,Default,Default,Default,Default,16,Default,4096,Speech,230.36 ns,4.037 ns,3.776 ns,231.78 ns,0.07,0.00,0 B,NA
