Run,Group,Method,Parameters,MeanNs,ErrorNs99_9,StandardDeviationNs,N,AllocatedBytes,RelativeError,PrecisionTargetMet
1,AudioGainBenchmarks,Scalar,"{""Length"":480,""Profile"":""Clipped""}",378.27690750040034,9.834685450450182,27.899367725430448,93,0,0.02599864082488243,False
1,AudioGainBenchmarks,Tensor,"{""Length"":480,""Profile"":""Clipped""}",72.21429812908173,2.0139141353033936,5.938071697580201,100,0,0.027888024774589088,False
1,AudioGainBenchmarks,CopyOnly,"{""Length"":480,""Profile"":""Clipped""}",17.324588303245715,0.4098443045058973,0.9740384240792599,67,0,0.023656799072628704,False
1,AudioGainBenchmarks,Scalar,"{""Length"":480,""Profile"":""Low""}",415.2173445142549,8.260173739659441,18.131282955966288,58,0,0.019893614389646146,True
1,AudioGainBenchmarks,Tensor,"{""Length"":480,""Profile"":""Low""}",75.65036940574646,1.7433651538552772,5.140351863658787,100,0,0.02304503160460245,False
1,AudioGainBenchmarks,CopyOnly,"{""Length"":480,""Profile"":""Low""}",19.797975983884598,0.4421444255379017,1.0928715538213745,72,0,0.022332809469907625,False
1,AudioGainBenchmarks,Scalar,"{""Length"":480,""Profile"":""Speech""}",382.4709916355634,9.369990368490662,27.480561741418494,99,0,0.02449856478898362,False
1,AudioGainBenchmarks,Tensor,"{""Length"":480,""Profile"":""Speech""}",75.80059719085693,1.992846696809382,5.875953875340994,100,0,0.02629064638886195,False
1,AudioGainBenchmarks,CopyOnly,"{""Length"":480,""Profile"":""Speech""}",20.408123715927726,1.0142631825109254,2.9101114128473675,95,0,0.049698992255683624,False
1,AudioGainBenchmarks,Scalar,"{""Length"":512,""Profile"":""Clipped""}",377.4566283978914,10.159989337802703,29.150916089797754,95,0,0.026916971576116215,False
1,AudioGainBenchmarks,Tensor,"{""Length"":512,""Profile"":""Clipped""}",72.09634879200729,1.9373686527042893,5.62065816196183,97,0,0.02687193852622768,False
1,AudioGainBenchmarks,CopyOnly,"{""Length"":512,""Profile"":""Clipped""}",19.85810615477108,0.4935087242509334,1.3257792374940538,84,0,0.024851751743323405,False
1,AudioGainBenchmarks,Scalar,"{""Length"":512,""Profile"":""Low""}",450.5541438406164,10.575669062421493,29.1284660812911,88,0,0.023472581946028307,False
1,AudioGainBenchmarks,Tensor,"{""Length"":512,""Profile"":""Low""}",85.81019664297298,2.5895053282914726,7.553709136614553,98,0,0.03017712847187057,False
1,AudioGainBenchmarks,CopyOnly,"{""Length"":512,""Profile"":""Low""}",20.234932634565567,0.7509636237070602,2.093386574823087,90,0,0.03711223740000274,False
1,AudioGainBenchmarks,Scalar,"{""Length"":512,""Profile"":""Speech""}",614.4545059204102,62.72213127390047,184.93763264308657,100,0,0.10207774647196553,False
1,AudioGainBenchmarks,Tensor,"{""Length"":512,""Profile"":""Speech""}",147.29068756103516,10.296201546770035,30.358584770669,100,0,0.06990395467129201,False
1,AudioGainBenchmarks,CopyOnly,"{""Length"":512,""Profile"":""Speech""}",22.329349398612976,1.814179488741883,5.349149542964898,100,0,0.08124641055840945,False
1,AudioGainBenchmarks,Scalar,"{""Length"":960,""Profile"":""Clipped""}",852.5701827191292,26.756429206102926,76.33760365255368,94,0,0.03138325706016107,False
1,AudioGainBenchmarks,Tensor,"{""Length"":960,""Profile"":""Clipped""}",151.3933539390564,5.798252337092966,16.54274138663977,94,0,0.038299252815464147,False
1,AudioGainBenchmarks,CopyOnly,"{""Length"":960,""Profile"":""Clipped""}",54.974340319633484,5.2067330767110365,15.352171067121853,100,0,0.094712061053173,False
1,AudioGainBenchmarks,Scalar,"{""Length"":960,""Profile"":""Low""}",876.172956155271,61.97499362571747,180.78397849873707,98,0,0.07073374405171046,False
1,AudioGainBenchmarks,Tensor,"{""Length"":960,""Profile"":""Low""}",163.53219281072202,6.097116893801339,17.197027628800825,92,0,0.03728389370317048,False
1,AudioGainBenchmarks,CopyOnly,"{""Length"":960,""Profile"":""Low""}",42.48404989297362,1.2334211334502354,3.376470695568664,87,0,0.02903256955392638,False
1,AudioGainBenchmarks,Scalar,"{""Length"":960,""Profile"":""Speech""}",743.3296447104597,33.94182350676211,96.83793940310768,94,0,0.04566187255989645,False
1,AudioGainBenchmarks,Tensor,"{""Length"":960,""Profile"":""Speech""}",182.3044900894165,9.942782126438981,29.3165195602141,100,0,0.05453942534033175,False
1,AudioGainBenchmarks,CopyOnly,"{""Length"":960,""Profile"":""Speech""}",47.154939234256744,2.978063466284245,8.78088795979179,100,0,0.06315485746869047,False
1,AudioGainBenchmarks,Scalar,"{""Length"":1600,""Profile"":""Clipped""}",1391.9592308275628,43.196702115590554,126.6884588809204,99,0,0.031033022490111854,False
1,AudioGainBenchmarks,Tensor,"{""Length"":1600,""Profile"":""Clipped""}",278.28751039505005,13.63288184204509,40.19686261872705,100,0,0.048988478939253115,False
1,AudioGainBenchmarks,CopyOnly,"{""Length"":1600,""Profile"":""Clipped""}",65.44503114556754,2.2434746061720414,6.36436450719366,93,0,0.03428028938028838,False
1,AudioGainBenchmarks,Scalar,"{""Length"":1600,""Profile"":""Low""}",1174.4463539123535,27.50121829946224,81.08796853367826,100,0,0.023416325665152178,False
1,AudioGainBenchmarks,Tensor,"{""Length"":1600,""Profile"":""Low""}",248.55250453948975,8.152713577408912,24.038461672148987,100,0,0.03280077017334427,False
1,AudioGainBenchmarks,CopyOnly,"{""Length"":1600,""Profile"":""Low""}",73.1192567696174,5.2033819413123545,15.012947725382432,96,0,0.0711629490122836,False
1,AudioGainBenchmarks,Scalar,"{""Length"":1600,""Profile"":""Speech""}",1251.2300554212634,66.63459115232358,186.8505512361048,91,0,0.05325526737757996,False
1,AudioGainBenchmarks,Tensor,"{""Length"":1600,""Profile"":""Speech""}",356.19786262512207,27.62619522062955,81.45646583225971,100,0,0.07755856539123747,False
1,AudioGainBenchmarks,CopyOnly,"{""Length"":1600,""Profile"":""Speech""}",85.38819241523743,7.405626862771364,21.835659478122437,100,0,0.0867289335129413,False
1,AudioGainBenchmarks,Scalar,"{""Length"":4096,""Profile"":""Clipped""}",4165.83018924879,209.89614153266763,592.0158343668429,92,0,0.050385189025315864,False
1,AudioGainBenchmarks,Tensor,"{""Length"":4096,""Profile"":""Clipped""}",705.2301530838013,33.39104649493725,98.45426111689764,100,0,0.04734772945956191,False
1,AudioGainBenchmarks,CopyOnly,"{""Length"":4096,""Profile"":""Clipped""}",240.2553198288898,9.12850413983114,26.628276980670044,98,0,0.037995013581103944,False
1,AudioGainBenchmarks,Scalar,"{""Length"":4096,""Profile"":""Low""}",3714.2867255456667,259.5658823483188,753.0477450181943,97,0,0.06988310314416718,False
1,AudioGainBenchmarks,Tensor,"{""Length"":4096,""Profile"":""Low""}",833.1192111968994,52.51342482746108,154.8370291685626,100,0,0.06303230572731332,False
1,AudioGainBenchmarks,CopyOnly,"{""Length"":4096,""Profile"":""Low""}",292.1608486175537,9.428878448243925,27.80126286019957,100,0,0.032272902043033756,False
1,AudioGainBenchmarks,Scalar,"{""Length"":4096,""Profile"":""Speech""}",3809.882438182831,180.2070446307988,519.9385652065929,96,0,0.04729989640224981,False
1,AudioGainBenchmarks,Tensor,"{""Length"":4096,""Profile"":""Speech""}",720.100715312552,31.839479381294247,90.8398328786902,94,0,0.04421531419736844,False
1,AudioGainBenchmarks,CopyOnly,"{""Length"":4096,""Profile"":""Speech""}",268.65041494369507,12.28003688988476,36.20796846439544,100,0,0.045710098353871756,False
1,AudioRmsBenchmarks,Scalar,"{""Length"":480,""Profile"":""Clipped""}",493.8951053619385,37.88420230071153,111.70243334796795,100,0,0.07670495595000694,False
1,AudioRmsBenchmarks,Meter,"{""Length"":480,""Profile"":""Clipped""}",23.923477652121562,0.8123045173450342,2.3695305768808232,98,0,0.03395428244827098,False
1,AudioRmsBenchmarks,Scalar,"{""Length"":480,""Profile"":""Silence""}",469.9234019385444,20.820228883642795,58.03848049870853,90,0,0.044305580011028314,False
1,AudioRmsBenchmarks,Meter,"{""Length"":480,""Profile"":""Silence""}",29.22328072786331,1.89716503688444,5.593834321772143,100,0,0.06491964589983779,False
1,AudioRmsBenchmarks,Scalar,"{""Length"":480,""Profile"":""Speech""}",450.61953897061557,16.438996502776416,46.36648467990113,92,0,0.03648087817126009,False
1,AudioRmsBenchmarks,Meter,"{""Length"":480,""Profile"":""Speech""}",25.56073262233927,0.7208454902459052,2.114115193473416,99,0,0.028201284403558492,False
1,AudioRmsBenchmarks,Scalar,"{""Length"":512,""Profile"":""Clipped""}",546.3890669297199,30.946494673873254,90.27238407671584,98,0,0.056638202604910086,False
1,AudioRmsBenchmarks,Meter,"{""Length"":512,""Profile"":""Clipped""}",27.460523010516653,1.5015316208128517,4.380038534438201,98,0,0.054679643946978176,False
1,AudioRmsBenchmarks,Scalar,"{""Length"":512,""Profile"":""Silence""}",429.2742570241292,8.512714761759863,11.068934680211193,24,0,0.01983048045036013,True
1,AudioRmsBenchmarks,Meter,"{""Length"":512,""Profile"":""Silence""}",28.929082684370936,2.0219996116792998,5.898268203622642,98,0,0.06989504761489357,False
1,AudioRmsBenchmarks,Scalar,"{""Length"":512,""Profile"":""Speech""}",492.3987979888916,31.263873853645695,92.18224413479459,100,0,0.06349299385241594,False
1,AudioRmsBenchmarks,Meter,"{""Length"":512,""Profile"":""Speech""}",26.000308689444957,1.1900694105588268,3.4902678260386892,99,0,0.045771356977847934,False
1,AudioRmsBenchmarks,Scalar,"{""Length"":960,""Profile"":""Clipped""}",829.8750845234046,17.483226753669584,48.44594251646751,89,0,0.021067299259514657,False
1,AudioRmsBenchmarks,Meter,"{""Length"":960,""Profile"":""Clipped""}",49.77392915715563,1.7633824130374496,5.0310296152534635,94,0,0.03542783225872658,False
1,AudioRmsBenchmarks,Scalar,"{""Length"":960,""Profile"":""Silence""}",803.8839254486427,15.433793686249599,42.766972725908865,89,0,0.019199032593711952,True
1,AudioRmsBenchmarks,Meter,"{""Length"":960,""Profile"":""Silence""}",43.59354376792908,0.6769408400566329,0.903696654322661,25,0,0.015528465491595228,True
1,AudioRmsBenchmarks,Scalar,"{""Length"":960,""Profile"":""Speech""}",844.1146870454153,28.132304469584387,81.16813663882064,96,0,0.03332758557732666,False
1,AudioRmsBenchmarks,Meter,"{""Length"":960,""Profile"":""Speech""}",47.98259353637695,1.055741692026377,3.1128784248951282,100,0,0.02200259748831604,False
1,AudioRmsBenchmarks,Scalar,"{""Length"":1600,""Profile"":""Clipped""}",1598.3600880237336,91.47113521891566,260.97231481090284,94,0,0.057228115181488085,False
1,AudioRmsBenchmarks,Meter,"{""Length"":1600,""Profile"":""Clipped""}",83.97220385443303,4.535240015396139,13.157554590041693,97,0,0.05400882443502424,False
1,AudioRmsBenchmarks,Scalar,"{""Length"":1600,""Profile"":""Silence""}",1320.103593306108,26.266386652052585,41.66127604599367,33,0,0.0198972162376062,True
1,AudioRmsBenchmarks,Meter,"{""Length"":1600,""Profile"":""Silence""}",74.18791922655973,1.8234000651456537,5.34771713726032,99,0,0.024578126521883435,False
1,AudioRmsBenchmarks,Scalar,"{""Length"":1600,""Profile"":""Speech""}",1644.4694830446826,93.49916853235445,272.74148305178267,98,0,0.0568567367752205,False
1,AudioRmsBenchmarks,Meter,"{""Length"":1600,""Profile"":""Speech""}",97.62729900051849,7.504777103195294,22.010213717344833,99,0,0.0768717067872116,False
1,AudioRmsBenchmarks,Scalar,"{""Length"":4096,""Profile"":""Clipped""}",3976.630139350891,112.69743152996571,325.1578814369177,96,0,0.028339932953473368,False
1,AudioRmsBenchmarks,Meter,"{""Length"":4096,""Profile"":""Clipped""}",235.15913175499958,10.585222741675711,29.8558107243563,92,0,0.04501302017352199,False
1,AudioRmsBenchmarks,Scalar,"{""Length"":4096,""Profile"":""Silence""}",3945.714027404785,172.2800887866338,507.97176570112254,100,0,0.043662588720335516,False
1,AudioRmsBenchmarks,Meter,"{""Length"":4096,""Profile"":""Silence""}",241.42957393159259,10.745697700490508,30.65808242615191,94,0,0.04450862222676675,False
1,AudioRmsBenchmarks,Scalar,"{""Length"":4096,""Profile"":""Speech""}",3595.731656304721,101.25858979449544,277.1937757863271,87,0,0.02816077490569954,False
1,AudioRmsBenchmarks,Meter,"{""Length"":4096,""Profile"":""Speech""}",230.57853693913933,7.668487508472032,22.49034803157516,99,0,0.03325759461513155,False
1,AudioRmsBoundaryBenchmarks,Scalar,"{""Length"":16}",5.590993395218482,0.38345402067321543,1.0752462632014304,91,0,0.06858423782098405,False
1,AudioRmsBoundaryBenchmarks,Meter,"{""Length"":16}",7.132090387320278,0.3031471841086365,0.8890782788474162,99,0,0.042504675017521365,False
1,AudioRmsBoundaryBenchmarks,Scalar,"{""Length"":31}",16.05461763924566,0.5084701439668238,1.3919289155303165,87,0,0.031671270869999664,False
1,AudioRmsBoundaryBenchmarks,Meter,"{""Length"":31}",16.843581323822338,1.371895034115916,3.958231139707456,96,0,0.0814491293591825,False
1,AudioRmsBoundaryBenchmarks,Scalar,"{""Length"":32}",20.256487333897464,1.3481405155776427,3.911200370552032,97,0,0.0665535190458045,False
1,AudioRmsBoundaryBenchmarks,Meter,"{""Length"":32}",9.604205422360321,0.609848153469964,1.6694496008658457,87,0,0.06349803306477886,False
1,AudioRmsBoundaryBenchmarks,Scalar,"{""Length"":33}",19.7146695538571,0.9166588487907659,2.6300662624365767,95,0,0.04649628269378855,False
1,AudioRmsBoundaryBenchmarks,Meter,"{""Length"":33}",11.408889510979256,0.4551325646854595,1.3131616088936782,96,0,0.03989280150775991,False
1,AudioRmsBoundaryBenchmarks,Scalar,"{""Length"":511}",502.6984359278823,24.30794737428294,71.29100696543578,99,0,0.048354929391047845,False
1,AudioRmsBoundaryBenchmarks,Meter,"{""Length"":511}",32.42307946246157,1.16712077476322,3.3109276182918324,93,0,0.0359966047060544,False
1,AudioRmsBoundaryBenchmarks,Scalar,"{""Length"":513}",457.1657774183485,13.524213694433781,37.70010489084633,90,0,0.029582734234408558,False
1,AudioRmsBoundaryBenchmarks,Meter,"{""Length"":513}",27.20626541908751,1.4341749536580441,4.091782140936634,94,0,0.05271487767857504,False
1,AudioRmsBoundaryBenchmarks,Scalar,"{""Length"":4097}",4263.847370340367,246.90854066679046,724.1400609219887,99,0,0.05790745287561282,False
1,AudioRmsBoundaryBenchmarks,Meter,"{""Length"":4097}",3499.193318684896,69.25489581335238,103.65747566448417,30,0,0.019791674682146595,True
1,AudioRmsBoundaryBenchmarks,Scalar,"{""Length"":16000}",17169.404876708984,1084.6535031821134,3198.125558593705,100,0,0.06317362255540325,False
1,AudioRmsBoundaryBenchmarks,Meter,"{""Length"":16000}",18329.9244582051,963.7298320440335,2826.4529748709883,99,0,0.05257685781747099,False
1,AudioStageBenchmarks,Scalar,"{""Scenario"":""Clipped""}",31918.28826904297,1850.2978807913094,5455.645444568217,100,0,0.057969834259122326,False
1,AudioStageBenchmarks,Meter,"{""Scenario"":""Clipped""}",18970.52209598502,541.2231489925346,1570.1866062410654,97,0,0.028529691816288005,False
1,AudioStageBenchmarks,MeterVad,"{""Scenario"":""Clipped""}",11865.539280573526,723.6169664336246,2087.8005521785485,96,0,0.060984751668079956,False
1,AudioStageBenchmarks,MeterGain,"{""Scenario"":""Clipped""}",13295.66293799359,399.24430916707246,1126.075739562711,92,0,0.030028161140141032,False
1,AudioStageBenchmarks,All,"{""Scenario"":""Clipped""}",4327.519274772481,168.79829478490728,481.5910682722213,94,0,0.03900578693408173,False
1,AudioStageBenchmarks,Scalar,"{""Scenario"":""Fallback10""}",27489.193356692136,763.2406120139499,2140.208660612688,91,0,0.027765114898438515,False
1,AudioStageBenchmarks,Meter,"{""Scenario"":""Fallback10""}",18626.353985330334,475.333060016029,1340.68542695787,92,0,0.025519382934007902,False
1,AudioStageBenchmarks,MeterVad,"{""Scenario"":""Fallback10""}",10417.468979779413,184.98750806272767,298.720367744378,34,0,0.017757433059968155,True
1,AudioStageBenchmarks,MeterGain,"{""Scenario"":""Fallback10""}",12592.727340698242,278.6905660539655,821.7254815674412,100,0,0.022131072841803674,False
1,AudioStageBenchmarks,All,"{""Scenario"":""Fallback10""}",4704.035087585449,117.01566029701371,345.0233395768278,100,0,0.024875592574943376,False
1,AudioStageBenchmarks,Scalar,"{""Scenario"":""Fallback100""}",27166.337280273438,658.8222012246921,1942.5522658842026,100,0,0.024251418011477358,False
1,AudioStageBenchmarks,Meter,"{""Scenario"":""Fallback100""}",18152.38068249761,428.8171397956807,1250.8798153154275,98,0,0.023623190109115715,False
1,AudioStageBenchmarks,MeterVad,"{""Scenario"":""Fallback100""}",22014.720344543457,1584.12245954734,4570.55583157716,96,0,0.07195741916112865,False
1,AudioStageBenchmarks,MeterGain,"{""Scenario"":""Fallback100""}",14062.864370444386,467.59227003226437,1356.570059786272,97,0,0.03325014433154833,False
1,AudioStageBenchmarks,All,"{""Scenario"":""Fallback100""}",12824.314601446993,302.29054254365707,857.5480170501348,93,0,0.023571672400297245,False
1,AudioStageBenchmarks,Scalar,"{""Scenario"":""Fallback50""}",28621.0554784658,1057.5562222245417,3084.941363519725,98,0,0.03695028728134211,False
1,AudioStageBenchmarks,Meter,"{""Scenario"":""Fallback50""}",18413.415130615234,391.223978125605,1153.5328101624434,100,0,0.021246682125529926,False
1,AudioStageBenchmarks,MeterVad,"{""Scenario"":""Fallback50""}",14294.526489257812,308.21351479863586,908.7745683664808,100,0,0.021561645643194623,False
1,AudioStageBenchmarks,MeterGain,"{""Scenario"":""Fallback50""}",12782.84912109375,378.176916448388,1085.060544056596,95,0,0.029584712521118276,False
1,AudioStageBenchmarks,All,"{""Scenario"":""Fallback50""}",8035.172698974609,165.88999891684108,489.1304401770363,100,0,0.02064548020704157,False
1,AudioStageBenchmarks,Scalar,"{""Scenario"":""Fixed""}",53046.339203209005,1854.0047162094952,5259.503174028132,93,0,0.03495066283664186,False
1,AudioStageBenchmarks,Meter,"{""Scenario"":""Fixed""}",27055.2002288483,739.3419845393946,2073.1943420705497,91,0,0.02732716735731463,False
1,AudioStageBenchmarks,MeterVad,"{""Scenario"":""Fixed""}",26584.620259602863,530.9037984388666,1479.9476953201147,90,0,0.01997033597826526,True
1,AudioStageBenchmarks,MeterGain,"{""Scenario"":""Fixed""}",8113.340541294643,253.083834484367,738.2574779775955,98,0,0.031193542683958696,False
1,AudioStageBenchmarks,All,"{""Scenario"":""Fixed""}",8540.548594792685,209.11159779976495,603.3348160768069,96,0,0.024484562727886565,False
1,AudioStageBenchmarks,Scalar,"{""Scenario"":""Ordinary""}",27541.47750051398,601.7832865611041,1726.62918311481,95,0,0.02185007273302144,False
1,AudioStageBenchmarks,Meter,"{""Scenario"":""Ordinary""}",20883.66390830592,690.9697256353766,1982.5218140380082,95,0,0.0330866139519015,False
1,AudioStageBenchmarks,MeterVad,"{""Scenario"":""Ordinary""}",10159.017349243164,265.25539395649565,782.1115706337031,100,0,0.02611033969503526,False
1,AudioStageBenchmarks,MeterGain,"{""Scenario"":""Ordinary""}",12485.839050292969,324.85439312782734,957.840577138777,100,0,0.026017826420740617,False
1,AudioStageBenchmarks,All,"{""Scenario"":""Ordinary""}",3939.1199533562913,129.8587350781504,372.58908094574116,95,0,0.03296643326830031,False
1,AudioVadBenchmarks,Scalar,"{""Profile"":""Above"",""Threshold"":0.008}",434.0537756681442,12.004564817965488,34.635916815406084,96,0,0.027656860718436826,False
1,AudioVadBenchmarks,Guarded,"{""Profile"":""Above"",""Threshold"":0.008}",512.5043613032291,14.346536773277661,41.16290635276021,95,0,0.02799300426789806,False
1,AudioVadBenchmarks,Scalar,"{""Profile"":""At"",""Threshold"":0.008}",417.11436394722233,8.281232869694275,12.646318265046814,31,0,0.0198536266920362,True
1,AudioVadBenchmarks,Guarded,"{""Profile"":""At"",""Threshold"":0.008}",516.8337271763728,22.194800458630578,62.23660457059566,91,0,0.042943792735601526,False
1,AudioVadBenchmarks,Scalar,"{""Profile"":""Below"",""Threshold"":0.008}",450.2267309414443,16.884587308031143,47.898767334478755,93,0,0.037502409669733984,False
1,AudioVadBenchmarks,Guarded,"{""Profile"":""Below"",""Threshold"":0.008}",507.286771774292,20.004566402908733,58.983919670230016,100,0,0.039434433373731655,False
1,AudioVadBenchmarks,Scalar,"{""Profile"":""Mixed"",""Threshold"":0.008}",12651.017055716566,330.68401845390747,938.0955881355899,93,0,0.02613892756586575,False
1,AudioVadBenchmarks,Guarded,"{""Profile"":""Mixed"",""Threshold"":0.008}",1013.0819956461588,32.77683098374571,94.5686585595064,96,0,0.03235358157050275,False
1,AudioVadBenchmarks,Scalar,"{""Profile"":""Quiet"",""Threshold"":0.008}",462.21774062331843,22.578434831457393,65.86235896620595,98,0,0.04884804897581279,False
1,AudioVadBenchmarks,Guarded,"{""Profile"":""Quiet"",""Threshold"":0.008}",25.80065195975096,0.9082819246096789,2.5618254700238605,92,0,0.03520383616765187,False
1,AudioVadBenchmarks,Scalar,"{""Profile"":""Speech"",""Threshold"":0.008}",400.06118965148926,7.610028830565371,15.37263472060651,50,0,0.01902216217772786,True
1,AudioVadBenchmarks,Guarded,"{""Profile"":""Speech"",""Threshold"":0.008}",29.025822937488556,0.7401751553381994,2.1824233040122425,100,0,0.025500574331080196,False
1,AudioVadBenchmarks,Scalar,"{""Profile"":""Above"",""Threshold"":0.03}",405.1192333823756,7.989986542820529,13.782335307318345,38,0,0.01972255544648285,True
1,AudioVadBenchmarks,Guarded,"{""Profile"":""Above"",""Threshold"":0.03}",466.0049873239854,9.251112954702105,22.16507741961666,68,0,0.019851961258668588,True
1,AudioVadBenchmarks,Scalar,"{""Profile"":""At"",""Threshold"":0.03}",408.17480832338333,8.043624948998326,12.522956002339892,32,0,0.019706323822477622,True
1,AudioVadBenchmarks,Guarded,"{""Profile"":""At"",""Threshold"":0.03}",460.81068793008495,9.194223254402509,25.013564277546614,86,0,0.019952278658513827,True
1,AudioVadBenchmarks,Scalar,"{""Profile"":""Below"",""Threshold"":0.03}",405.8800182034892,7.990792032905491,18.19907844606388,62,0,0.01968757187967623,True
1,AudioVadBenchmarks,Guarded,"{""Profile"":""Below"",""Threshold"":0.03}",463.73234146931134,9.299323160422437,20.99012365969581,61,0,0.02005321244353591,False
1,AudioVadBenchmarks,Scalar,"{""Profile"":""Mixed"",""Threshold"":0.03}",12509.789587526906,264.05664019742926,770.2656696053539,98,0,0.021108000126613746,False
1,AudioVadBenchmarks,Guarded,"{""Profile"":""Mixed"",""Threshold"":0.03}",986.5735629819474,19.428190106023393,40.5538706656108,53,0,0.01969259144477896,True
1,AudioVadBenchmarks,Scalar,"{""Profile"":""Quiet"",""Threshold"":0.03}",401.2581467628479,7.97773190307554,14.984115454137298,44,0,0.019881794220094798,True
1,AudioVadBenchmarks,Guarded,"{""Profile"":""Quiet"",""Threshold"":0.03}",25.9672260043597,0.7158140422695729,2.0993588264629124,99,0,0.027566057389010024,False
1,AudioVadBenchmarks,Scalar,"{""Profile"":""Speech"",""Threshold"":0.03}",402.42314667537295,8.069252966845058,11.827807346902349,29,0,0.020051662121101523,False
1,AudioVadBenchmarks,Guarded,"{""Profile"":""Speech"",""Threshold"":0.03}",27.606598049402237,0.6683274485964362,1.970578704254749,100,0,0.02420897523847229,False
2,AudioGainBenchmarks,Scalar,"{""Length"":480,""Profile"":""Clipped""}",363.6885652542114,9.710209964788913,28.63077524444104,100,0,0.026699244607818945,False
2,AudioGainBenchmarks,Tensor,"{""Length"":480,""Profile"":""Clipped""}",70.12197618581811,2.1457663850415454,6.2593017170669,98,0,0.030600483639471616,False
2,AudioGainBenchmarks,CopyOnly,"{""Length"":480,""Profile"":""Clipped""}",17.978630155324936,0.460570174942757,1.3580016509319244,100,0,0.025617645558293253,False
2,AudioGainBenchmarks,Scalar,"{""Length"":480,""Profile"":""Low""}",393.7130618095398,11.487979616389214,33.87256955331034,100,0,0.029178558525819416,False
2,AudioGainBenchmarks,Tensor,"{""Length"":480,""Profile"":""Low""}",72.8957554101944,1.9804233339931336,5.839323307118272,100,0,0.027167882723061452,False
2,AudioGainBenchmarks,CopyOnly,"{""Length"":480,""Profile"":""Low""}",17.830666571855545,0.5064596906241922,1.4933079331148744,100,0,0.02840385627666905,False
2,AudioGainBenchmarks,Scalar,"{""Length"":480,""Profile"":""Speech""}",386.35030937194824,10.160467680093973,29.958370373250894,100,0,0.026298588181826094,False
2,AudioGainBenchmarks,Tensor,"{""Length"":480,""Profile"":""Speech""}",72.83949482440948,2.0782122924668824,6.127656278454875,100,0,0.028531393545173873,False
2,AudioGainBenchmarks,CopyOnly,"{""Length"":480,""Profile"":""Speech""}",18.860654771327972,0.5734795135411529,1.6909174074533064,100,0,0.03040612961183926,False
2,AudioGainBenchmarks,Scalar,"{""Length"":512,""Profile"":""Clipped""}",372.14842319488525,11.580165848261117,34.14438275765167,100,0,0.031117062780612294,False
2,AudioGainBenchmarks,Tensor,"{""Length"":512,""Profile"":""Clipped""}",72.40542685985565,2.099138206190741,6.189356811685866,100,0,0.028991448531250682,False
2,AudioGainBenchmarks,CopyOnly,"{""Length"":512,""Profile"":""Clipped""}",18.444243758916855,0.5085405287160568,1.4994433316226596,100,0,0.02757177444427361,False
2,AudioGainBenchmarks,Scalar,"{""Length"":512,""Profile"":""Low""}",408.2870659828186,10.861565582588288,32.02557350721527,100,0,0.026602766748054077,False
2,AudioGainBenchmarks,Tensor,"{""Length"":512,""Profile"":""Low""}",75.20208096504211,2.266391954750298,6.682508298745707,100,0,0.03013735691441619,False
2,AudioGainBenchmarks,CopyOnly,"{""Length"":512,""Profile"":""Low""}",19.340489387512207,0.5452037409277366,1.607545647883405,100,0,0.02818975931807416,False
2,AudioGainBenchmarks,Scalar,"{""Length"":512,""Profile"":""Speech""}",410.4911823272705,11.700261092103045,34.49848631945238,100,0,0.028503075329824816,False
2,AudioGainBenchmarks,Tensor,"{""Length"":512,""Profile"":""Speech""}",74.71749355094602,2.3091669100227845,6.7723873074101695,99,0,0.030905304772412934,False
2,AudioGainBenchmarks,CopyOnly,"{""Length"":512,""Profile"":""Speech""}",19.559801161289215,0.5329416210526028,1.5713905081450872,100,0,0.027246781123079464,False
2,AudioGainBenchmarks,Scalar,"{""Length"":960,""Profile"":""Clipped""}",847.5664148330688,21.02741097604333,61.99980019079604,100,0,0.02480916021216432,False
2,AudioGainBenchmarks,Tensor,"{""Length"":960,""Profile"":""Clipped""}",142.69643998146057,3.888922859241614,11.466577625990201,100,0,0.027253117595273373,False
2,AudioGainBenchmarks,CopyOnly,"{""Length"":960,""Profile"":""Clipped""}",39.40660899877548,1.0915523268113323,3.2184668971945642,100,0,0.027699727394591377,False
2,AudioGainBenchmarks,Scalar,"{""Length"":960,""Profile"":""Low""}",670.5597991943359,16.19657911724365,47.75598242634817,100,0,0.024153817656089007,False
2,AudioGainBenchmarks,Tensor,"{""Length"":960,""Profile"":""Low""}",149.97761487960815,3.901499129161934,11.503659044291947,100,0,0.026013876352772997,False
2,AudioGainBenchmarks,CopyOnly,"{""Length"":960,""Profile"":""Low""}",37.87515586614609,1.0472648751162574,3.087884337164587,100,0,0.027650443969587282,False
2,AudioGainBenchmarks,Scalar,"{""Length"":960,""Profile"":""Speech""}",667.8841552349052,16.404902350211522,48.112742294050776,99,0,0.02456249668693168,False
2,AudioGainBenchmarks,Tensor,"{""Length"":960,""Profile"":""Speech""}",150.7354712486267,3.8693655900537163,11.408912572346237,100,0,0.025669907408001475,False
2,AudioGainBenchmarks,CopyOnly,"{""Length"":960,""Profile"":""Speech""}",39.71297603845596,1.1044425812812466,3.256474106092213,100,0,0.02781062240744089,False
2,AudioGainBenchmarks,Scalar,"{""Length"":1600,""Profile"":""Clipped""}",1306.2041034698486,34.26766176743967,101.03898121397815,100,0,0.026234538443425336,False
2,AudioGainBenchmarks,Tensor,"{""Length"":1600,""Profile"":""Clipped""}",238.04694318771362,7.1688452244582965,21.137503424531957,100,0,0.030115258479942977,False
2,AudioGainBenchmarks,CopyOnly,"{""Length"":1600,""Profile"":""Clipped""}",59.93578243255615,1.518535563732755,4.477436696382312,100,0,0.02533604304643082,False
2,AudioGainBenchmarks,Scalar,"{""Length"":1600,""Profile"":""Low""}",1098.952341079712,30.088629745240002,88.7170101133747,100,0,0.02737937635737521,False
2,AudioGainBenchmarks,Tensor,"{""Length"":1600,""Profile"":""Low""}",244.14486026763916,6.5862409144216825,19.41968134678211,100,0,0.02697677480165522,False
2,AudioGainBenchmarks,CopyOnly,"{""Length"":1600,""Profile"":""Low""}",57.54142880439758,1.7667211455194562,5.209217537045149,100,0,0.030703463265139414,False
2,AudioGainBenchmarks,Scalar,"{""Length"":1600,""Profile"":""Speech""}",1107.4720516204834,28.033921603985203,82.65865636010771,100,0,0.025313434829317093,False
2,AudioGainBenchmarks,Tensor,"{""Length"":1600,""Profile"":""Speech""}",238.8926019668579,6.30538396449923,18.59156823303609,100,0,0.026394220300610186,False
2,AudioGainBenchmarks,CopyOnly,"{""Length"":1600,""Profile"":""Speech""}",60.55417740345001,1.6610416307161482,4.89761908065267,100,0,0.027430669558092487,False
2,AudioGainBenchmarks,Scalar,"{""Length"":4096,""Profile"":""Clipped""}",3465.331081390381,84.17284667707544,248.1855555786153,100,0,0.024289986930571467,False
2,AudioGainBenchmarks,Tensor,"{""Length"":4096,""Profile"":""Clipped""}",599.0715599060059,15.476135680293849,45.63173854342089,100,0,0.025833534282151616,False
2,AudioGainBenchmarks,CopyOnly,"{""Length"":4096,""Profile"":""Clipped""}",209.26963753170438,4.230248247537681,11.792242140637546,90,0,0.020214343071611608,False
2,AudioGainBenchmarks,Scalar,"{""Length"":4096,""Profile"":""Low""}",2840.8554458618164,68.82777719305882,202.940268700129,100,0,0.024227835067538565,False
2,AudioGainBenchmarks,Tensor,"{""Length"":4096,""Profile"":""Low""}",583.69874220628,10.565090502448854,8.822329067037135,13,0,0.01810024544941564,True
2,AudioGainBenchmarks,CopyOnly,"{""Length"":4096,""Profile"":""Low""}",214.66786406703832,6.9884786160542625,20.274845119534714,97,0,0.03255484301959533,False
2,AudioGainBenchmarks,Scalar,"{""Length"":4096,""Profile"":""Speech""}",2850.7754669189453,79.828505486191,235.37616662900325,100,0,0.02800238265431261,False
2,AudioGainBenchmarks,Tensor,"{""Length"":4096,""Profile"":""Speech""}",632.2026519984989,16.091165890637335,45.12135761175672,91,0,0.02545254411662218,False
2,AudioGainBenchmarks,CopyOnly,"{""Length"":4096,""Profile"":""Speech""}",210.59638999172094,4.688196953477381,13.601310434472735,97,0,0.022261525725401493,False
2,AudioRmsBenchmarks,Scalar,"{""Length"":480,""Profile"":""Clipped""}",408.01008860270184,21.250507478916088,59.23792532711769,90,0,0.052083289292409345,False
2,AudioRmsBenchmarks,Meter,"{""Length"":480,""Profile"":""Clipped""}",23.67719909647009,0.8336964608528028,2.3377744288673985,91,0,0.03521094101781212,False
2,AudioRmsBenchmarks,Scalar,"{""Length"":480,""Profile"":""Silence""}",412.09977034366494,17.397126015341964,51.022762754968916,99,0,0.04221581099361902,False
2,AudioRmsBenchmarks,Meter,"{""Length"":480,""Profile"":""Silence""}",21.817270278930664,0.604762401113405,1.7831557139704752,100,0,0.02771943480470309,False
2,AudioRmsBenchmarks,Scalar,"{""Length"":480,""Profile"":""Speech""}",374.76036037717546,7.510517907341653,16.167183340910825,56,0,0.020040854640503425,False
2,AudioRmsBenchmarks,Meter,"{""Length"":480,""Profile"":""Speech""}",23.1903235912323,0.6501910057675163,1.9171029894914846,100,0,0.02803716831331055,False
2,AudioRmsBenchmarks,Scalar,"{""Length"":512,""Profile"":""Clipped""}",415.8546293624724,11.671312793569655,34.22994253074809,99,0,0.028065847941773324,False
2,AudioRmsBenchmarks,Meter,"{""Length"":512,""Profile"":""Clipped""}",23.298077700064354,0.7076520552294205,2.053027075927097,97,0,0.030373838749257233,False
2,AudioRmsBenchmarks,Scalar,"{""Length"":512,""Profile"":""Silence""}",401.83369159698486,7.70875524909666,15.572066970226837,50,0,0.019183944528046393,True
2,AudioRmsBenchmarks,Meter,"{""Length"":512,""Profile"":""Silence""}",22.762270480394363,0.5864516380945283,1.7291660121567434,100,0,0.025764197758727618,False
2,AudioRmsBenchmarks,Scalar,"{""Length"":512,""Profile"":""Speech""}",390.3285488005607,6.660750345742427,10.171670098125023,31,0,0.017064471369594214,True
2,AudioRmsBenchmarks,Meter,"{""Length"":512,""Profile"":""Speech""}",22.689101099967957,0.14254342438962156,0.11128852968084338,12,0,0.006282462392916168,True
2,AudioRmsBenchmarks,Scalar,"{""Length"":960,""Profile"":""Clipped""}",788.8950657200169,15.465499489669911,26.26159394471145,37,0,0.019604000787550497,True
2,AudioRmsBenchmarks,Meter,"{""Length"":960,""Profile"":""Clipped""}",45.66502857208252,1.2158412817123585,3.584935711570516,100,0,0.02662521670807992,False
2,AudioRmsBenchmarks,Scalar,"{""Length"":960,""Profile"":""Silence""}",780.7977313995361,15.5930817366544,31.498796527994248,50,0,0.01997070574053113,True
2,AudioRmsBenchmarks,Meter,"{""Length"":960,""Profile"":""Silence""}",45.18007271143855,1.2754214851510803,3.720464607723643,98,0,0.028229735115680173,False
2,AudioRmsBenchmarks,Scalar,"{""Length"":960,""Profile"":""Speech""}",784.7909797321666,15.659061639271098,19.230735648550734,22,0,0.01995316210771844,True
2,AudioRmsBenchmarks,Meter,"{""Length"":960,""Profile"":""Speech""}",48.86097741127014,1.212150887569146,3.5740545003854995,100,0,0.024808158816928508,False
2,AudioRmsBenchmarks,Scalar,"{""Length"":1600,""Profile"":""Clipped""}",1334.2260515367664,26.203315939057696,44.49522265065918,37,0,0.01963933765861986,True
2,AudioRmsBenchmarks,Meter,"{""Length"":1600,""Profile"":""Clipped""}",69.80500916639964,0.3220132878079693,0.2514067940439655,12,0,0.004613039832719756,True
2,AudioRmsBenchmarks,Scalar,"{""Length"":1600,""Profile"":""Silence""}",1324.3940241196576,26.331360799793007,42.52024292719739,34,0,0.01988181788821934,True
2,AudioRmsBenchmarks,Meter,"{""Length"":1600,""Profile"":""Silence""}",71.19040024280548,1.735143442887435,5.116109961609436,100,0,0.024373278376992817,False
2,AudioRmsBenchmarks,Scalar,"{""Length"":1600,""Profile"":""Speech""}",1324.1459066217597,26.492514769187615,42.01993923155167,33,0,0.020007247416394546,False
2,AudioRmsBenchmarks,Meter,"{""Length"":1600,""Profile"":""Speech""}",69.4449524084727,0.7386038311632613,0.5766532882086562,12,0,0.01063581737112901,True
2,AudioRmsBenchmarks,Scalar,"{""Length"":4096,""Profile"":""Clipped""}",3395.137899062213,67.75107546080457,69.5753664019192,17,0,0.01995532360541774,True
2,AudioRmsBenchmarks,Meter,"{""Length"":4096,""Profile"":""Clipped""}",224.68239378929138,5.359847465873406,15.803632330955912,100,0,0.023855217916629045,False
2,AudioRmsBenchmarks,Scalar,"{""Length"":4096,""Profile"":""Silence""}",3444.707525930097,68.70759123756304,104.92375708872461,31,0,0.019945841764610037,True
2,AudioRmsBenchmarks,Meter,"{""Length"":4096,""Profile"":""Silence""}",218.93461521225746,4.99529763974122,14.650344323436377,99,0,0.022816390340551086,False
2,AudioRmsBenchmarks,Scalar,"{""Length"":4096,""Profile"":""Speech""}",3460.1634979248047,68.60391927288678,73.40542507162444,18,0,0.019826785443529255,True
2,AudioRmsBenchmarks,Meter,"{""Length"":4096,""Profile"":""Speech""}",223.06486082077026,5.4436086220272175,16.050604007649873,100,0,0.024403703039543673,False
2,AudioRmsBoundaryBenchmarks,Scalar,"{""Length"":16}",5.854497566819191,0.189814339608277,0.5596719036151884,100,0,0.03242196916846702,False
2,AudioRmsBoundaryBenchmarks,Meter,"{""Length"":16}",6.003628360728423,0.02722501076540223,0.021255497625377276,12,0,0.00453475950368437,True
2,AudioRmsBoundaryBenchmarks,Scalar,"{""Length"":31}",14.3042524009943,0.3372697728905,0.994447607146206,100,0,0.023578287311754653,False
2,AudioRmsBoundaryBenchmarks,Meter,"{""Length"":31}",14.661298871040344,0.32815334264361307,0.967567604924141,100,0,0.022382283147627274,False
2,AudioRmsBoundaryBenchmarks,Scalar,"{""Length"":32}",14.933366463942962,0.3232390507916671,0.8902942850764625,88,0,0.02164542412939085,False
2,AudioRmsBoundaryBenchmarks,Meter,"{""Length"":32}",9.177286460995674,0.3171491089668167,0.9351213712916928,100,0,0.034558048320135815,False
2,AudioRmsBoundaryBenchmarks,Scalar,"{""Length"":33}",15.170534819364548,0.37329564878235044,1.1006707227517312,100,0,0.024606624171604963,False
2,AudioRmsBoundaryBenchmarks,Meter,"{""Length"":33}",9.391598999500275,0.2869730727198696,0.8461466411172326,100,0,0.030556359224359918,False
2,AudioRmsBoundaryBenchmarks,Scalar,"{""Length"":511}",407.54699979509627,8.053197353933728,13.231635257674219,35,0,0.01976016841734244,True
2,AudioRmsBoundaryBenchmarks,Meter,"{""Length"":511}",24.315881103277206,0.7369773068899148,2.17299437502712,100,0,0.030308476331157404,False
2,AudioRmsBoundaryBenchmarks,Scalar,"{""Length"":513}",404.86885248604466,8.061818731112513,17.864434783517815,59,0,0.019912173242297996,True
2,AudioRmsBoundaryBenchmarks,Meter,"{""Length"":513}",26.270132622820267,1.2034186992892473,3.433421514761032,94,0,0.04580938804411915,False
2,AudioRmsBoundaryBenchmarks,Scalar,"{""Length"":4097}",3613.765426918312,69.20592124977298,145.97878769627988,54,0,0.019150640142348498,True
2,AudioRmsBoundaryBenchmarks,Meter,"{""Length"":4097}",3572.128737600226,60.56927876249787,67.322592873645,19,0,0.016956073874086805,True
2,AudioRmsBoundaryBenchmarks,Scalar,"{""Length"":16000}",14427.756705335392,452.0472023635325,1282.3827657258687,93,0,0.031331773303078035,False
2,AudioRmsBoundaryBenchmarks,Meter,"{""Length"":16000}",13607.352475766782,269.39161848841195,377.64945683216035,27,0,0.019797504251335387,True
2,AudioStageBenchmarks,Scalar,"{""Scenario"":""Clipped""}",27293.036324637276,543.9621126651798,1461.3189990704257,84,0,0.01993043596157706,True
2,AudioStageBenchmarks,Meter,"{""Scenario"":""Clipped""}",18531.283471939412,368.7846878246069,1052.1635422810568,94,0,0.01990065547176109,True
2,AudioStageBenchmarks,MeterVad,"{""Scenario"":""Clipped""}",9814.746704101562,231.16288984552963,681.5890457592917,100,0,0.023552608825750658,False
2,AudioStageBenchmarks,MeterGain,"{""Scenario"":""Clipped""}",12420.892639160156,241.31553936440653,396.4883832530287,35,0,0.019428196215431032,True
2,AudioStageBenchmarks,All,"{""Scenario"":""Clipped""}",3825.1859323601975,115.42325281726423,331.1709732970313,95,0,0.030174547030723375,False
2,AudioStageBenchmarks,Scalar,"{""Scenario"":""Fallback10""}",27082.542835582386,540.4323612893036,1584.994678480506,99,0,0.01995500808658398,True
2,AudioStageBenchmarks,Meter,"{""Scenario"":""Fallback10""}",18150.02310180664,399.05279188669004,1176.6162458489018,100,0,0.021986351733456946,False
2,AudioStageBenchmarks,MeterVad,"{""Scenario"":""Fallback10""}",10849.194975157041,213.96221368258043,536.7893989286921,74,0,0.01972148294620204,True
2,AudioStageBenchmarks,MeterGain,"{""Scenario"":""Fallback10""}",12389.638195615826,245.2999867077611,578.2009710431016,66,0,0.019798801452859414,True
2,AudioStageBenchmarks,All,"{""Scenario"":""Fallback10""}",4506.4167556762695,89.87210707088406,264.98995465818,100,0,0.019943141512085275,True
2,AudioStageBenchmarks,Scalar,"{""Scenario"":""Fallback100""}",26144.420491536457,517.8888661772249,1308.7713466658101,75,0,0.01980877206074915,True
2,AudioStageBenchmarks,Meter,"{""Scenario"":""Fallback100""}",17863.314783850383,357.033053831057,971.334825585793,86,0,0.019986942969500737,True
2,AudioStageBenchmarks,MeterVad,"{""Scenario"":""Fallback100""}",18122.222339147807,360.62934678577227,987.2170894121929,87,0,0.019899841202518365,True
2,AudioStageBenchmarks,MeterGain,"{""Scenario"":""Fallback100""}",12082.395006262737,238.48298655478536,575.9632595283938,69,0,0.019738055777117954,True
2,AudioStageBenchmarks,All,"{""Scenario"":""Fallback100""}",12447.38140302835,248.17254890926532,719.993616421254,97,0,0.019937731549616283,True
2,AudioStageBenchmarks,Scalar,"{""Scenario"":""Fallback50""}",26668.932550603695,529.9409512721575,995.3576397667728,44,0,0.019871097212706454,True
2,AudioStageBenchmarks,Meter,"{""Scenario"":""Fallback50""}",17964.723942788798,358.77613945583914,994.1670649961418,89,0,0.019971146820758977,True
2,AudioStageBenchmarks,MeterVad,"{""Scenario"":""Fallback50""}",13667.465691817435,272.790280646924,782.6865085048067,95,0,0.019959097523854812,True
2,AudioStageBenchmarks,MeterGain,"{""Scenario"":""Fallback50""}",12187.264957427979,243.62354581868476,637.5204038695333,80,0,0.019990009790523133,True
2,AudioStageBenchmarks,All,"{""Scenario"":""Fallback50""}",8151.6255581017695,162.2791818961394,382.51115220895855,66,0,0.019907585393793354,True
2,AudioStageBenchmarks,Scalar,"{""Scenario"":""Fixed""}",50569.08758544922,1018.5994852525798,3003.3637822582264,100,0,0.020142730151723607,False
2,AudioStageBenchmarks,Meter,"{""Scenario"":""Fixed""}",26114.301461884468,517.9573512669878,1519.0793598656442,99,0,0.019834241096702527,True
2,AudioStageBenchmarks,MeterVad,"{""Scenario"":""Fixed""}",25953.992575787484,519.0603201796977,1480.9084085333589,94,0,0.019999247463140978,True
2,AudioStageBenchmarks,MeterGain,"{""Scenario"":""Fixed""}",7984.241058349609,190.5311800010982,561.7855238404381,100,0,0.023863405251504533,False
2,AudioStageBenchmarks,All,"{""Scenario"":""Fixed""}",8009.352630615234,187.47115776939378,552.7629785940825,100,0,0.02340653064178962,False
2,AudioStageBenchmarks,Scalar,"{""Scenario"":""Ordinary""}",26594.24859124261,526.9297431497483,1321.9637955448559,74,0,0.01981367292036461,True
2,AudioStageBenchmarks,Meter,"{""Scenario"":""Ordinary""}",18092.969253037,360.5215312629265,1010.9410995705252,91,0,0.019926056703070506,True
2,AudioStageBenchmarks,MeterVad,"{""Scenario"":""Ordinary""}",9559.320755004883,210.42794583651133,620.4515910821026,100,0,0.02201285543497843,False
2,AudioStageBenchmarks,MeterGain,"{""Scenario"":""Ordinary""}",12419.771431587838,248.02488350907868,622.2459837497769,74,0,0.01997016489999682,True
2,AudioStageBenchmarks,All,"{""Scenario"":""Ordinary""}",3784.4318237304688,86.86270527933905,256.11666493258383,100,0,0.022952641063491253,False
2,AudioVadBenchmarks,Scalar,"{""Profile"":""Above"",""Threshold"":0.008}",405.50090137280915,7.933053646204155,13.684128850151176,38,0,0.019563590658731162,True
2,AudioVadBenchmarks,Guarded,"{""Profile"":""Above"",""Threshold"":0.008}",454.0660361448924,9.050916308672868,17.86562713943711,48,0,0.019933039664267516,True
2,AudioVadBenchmarks,Scalar,"{""Profile"":""At"",""Threshold"":0.008}",402.5889661577013,7.856828473187118,8.4067184484761,18,0,0.01951575709630715,True
2,AudioVadBenchmarks,Guarded,"{""Profile"":""At"",""Threshold"":0.008}",458.9753818511963,9.148063658848017,17.405143227099156,45,0,0.01993149092648698,True
2,AudioVadBenchmarks,Scalar,"{""Profile"":""Below"",""Threshold"":0.008}",400.6303012371063,8.038054347313619,7.894444157573871,16,0,0.02006352071346803,False
2,AudioVadBenchmarks,Guarded,"{""Profile"":""Below"",""Threshold"":0.008}",465.3114318847656,9.278281680351615,18.314424235366467,48,0,0.019939939241916973,True
2,AudioVadBenchmarks,Scalar,"{""Profile"":""Mixed"",""Threshold"":0.008}",12224.159075762775,241.59420110668728,606.11265776633,74,0,0.019763666327420732,True
2,AudioVadBenchmarks,Guarded,"{""Profile"":""Mixed"",""Threshold"":0.008}",954.7540578949317,19.071975402360636,52.84835785958757,89,0,0.019975799259142252,True
2,AudioVadBenchmarks,Scalar,"{""Profile"":""Quiet"",""Threshold"":0.008}",406.62515958150226,7.736729841441236,6.04032976111516,12,0,0.019026687501097723,True
2,AudioVadBenchmarks,Guarded,"{""Profile"":""Quiet"",""Threshold"":0.008}",26.697245717048645,0.6512038221939075,1.9200893017929728,100,0,0.024392172477105158,False
2,AudioVadBenchmarks,Scalar,"{""Profile"":""Speech"",""Threshold"":0.008}",395.6063477198283,7.683901607640461,11.50090307043271,30,0,0.019423099886865983,True
2,AudioVadBenchmarks,Guarded,"{""Profile"":""Speech"",""Threshold"":0.008}",27.317016661167145,0.6062656297289454,1.7875880177814756,100,0,0.02219369842793961,False
2,AudioVadBenchmarks,Scalar,"{""Profile"":""Above"",""Threshold"":0.03}",405.29520294883037,7.968356484225921,9.785858222644864,22,0,0.0196606237287046,True
2,AudioVadBenchmarks,Guarded,"{""Profile"":""Above"",""Threshold"":0.03}",467.99392461776733,9.361066456738618,16.639287430036138,40,0,0.020002538418387037,False
2,AudioVadBenchmarks,Scalar,"{""Profile"":""At"",""Threshold"":0.03}",404.2709325489245,8.083798490218623,8.985120604845893,19,0,0.019995992388694254,True
2,AudioVadBenchmarks,Guarded,"{""Profile"":""At"",""Threshold"":0.03}",456.9247990846634,9.064256964482075,17.891960294485123,48,0,0.019837524648782662,True
2,AudioVadBenchmarks,Scalar,"{""Profile"":""Below"",""Threshold"":0.03}",404.2522343722257,8.026816873870793,12.731383192626488,33,0,0.019855961677826852,True
2,AudioVadBenchmarks,Guarded,"{""Profile"":""Below"",""Threshold"":0.03}",458.55115441715014,9.188741357432374,18.77016504054505,51,0,0.020038639678296943,False
2,AudioVadBenchmarks,Scalar,"{""Profile"":""Mixed"",""Threshold"":0.03}",12312.346885944235,243.8142084580086,357.3797348933934,29,0,0.019802415470956777,True
2,AudioVadBenchmarks,Guarded,"{""Profile"":""Mixed"",""Threshold"":0.03}",955.9690677418429,19.014381852310468,51.40649076815015,85,0,0.019890164330552643,True
2,AudioVadBenchmarks,Scalar,"{""Profile"":""Quiet"",""Threshold"":0.03}",402.53074645996094,7.613278166779814,15.37919854051064,50,0,0.0189135320313652,True
2,AudioVadBenchmarks,Guarded,"{""Profile"":""Quiet"",""Threshold"":0.03}",26.64427337050438,0.5653411029967066,1.666921118599619,100,0,0.021218109240034592,False
2,AudioVadBenchmarks,Scalar,"{""Profile"":""Speech"",""Threshold"":0.03}",395.57403066883916,7.851026177214025,9.929035178546284,23,0,0.01984717288933113,True
2,AudioVadBenchmarks,Guarded,"{""Profile"":""Speech"",""Threshold"":0.03}",27.467436305026418,0.5707582169723023,1.655873200102723,97,0,0.020779449914219192,False
3,AudioGainBenchmarks,Scalar,"{""Length"":480,""Profile"":""Clipped""}",352.9932918548584,8.300442392262198,24.474043447468922,100,0,0.023514447962017144,False
3,AudioGainBenchmarks,Tensor,"{""Length"":480,""Profile"":""Clipped""}",66.7796002626419,1.6913196019069938,4.986894368330922,100,0,0.025326890176866755,False
3,AudioGainBenchmarks,CopyOnly,"{""Length"":480,""Profile"":""Clipped""}",18.709296142900143,0.41501964497805366,1.0638540894477018,77,0,0.02218253652131892,False
3,AudioGainBenchmarks,Scalar,"{""Length"":480,""Profile"":""Low""}",387.25822401046753,8.188453594034506,24.14384192519712,100,0,0.021144686119856742,False
3,AudioGainBenchmarks,Tensor,"{""Length"":480,""Profile"":""Low""}",72.18853211402893,1.6247904967954154,4.7907317866184265,100,0,0.022507598495407802,False
3,AudioGainBenchmarks,CopyOnly,"{""Length"":480,""Profile"":""Low""}",19.098781675100327,0.4715944491675966,1.3905069745767284,100,0,0.02469238390124271,False
3,AudioGainBenchmarks,Scalar,"{""Length"":480,""Profile"":""Speech""}",390.70246505737305,8.546311381769147,25.198993763031357,100,0,0.021874219248947294,False
3,AudioGainBenchmarks,Tensor,"{""Length"":480,""Profile"":""Speech""}",75.19629430770874,1.8921940853421009,5.579177357929362,100,0,0.025163395387532053,False
3,AudioGainBenchmarks,CopyOnly,"{""Length"":480,""Profile"":""Speech""}",18.758169375360012,0.42253142884195877,1.2190998710226493,96,0,0.022525195310208645,False
3,AudioGainBenchmarks,Scalar,"{""Length"":512,""Profile"":""Clipped""}",369.3623104480782,7.5993565467800215,22.28759887321856,99,0,0.02057426091352186,False
3,AudioGainBenchmarks,Tensor,"{""Length"":512,""Profile"":""Clipped""}",74.27870535850525,1.66883491224959,4.920597748756627,100,0,0.022467205159203828,False
3,AudioGainBenchmarks,CopyOnly,"{""Length"":512,""Profile"":""Clipped""}",19.597642868757248,0.5058826377143315,1.459587184035993,96,0,0.02581344302996839,False
3,AudioGainBenchmarks,Scalar,"{""Length"":512,""Profile"":""Low""}",415.2236909866333,9.054085030353171,26.696175931117985,100,0,0.021805318980810843,False
3,AudioGainBenchmarks,Tensor,"{""Length"":512,""Profile"":""Low""}",79.11626625061035,2.2046445755580812,6.500444744816772,100,0,0.027865882454242756,False
3,AudioGainBenchmarks,CopyOnly,"{""Length"":512,""Profile"":""Low""}",19.147661328315735,0.5017661900469127,1.479469039761896,100,0,0.026205090086113877,False
3,AudioGainBenchmarks,Scalar,"{""Length"":512,""Profile"":""Speech""}",412.0958719934736,11.001252045323547,29.55415138864461,84,0,0.0266958559718302,False
3,AudioGainBenchmarks,Tensor,"{""Length"":512,""Profile"":""Speech""}",77.87280571460724,2.2162136569960325,6.534556444938161,100,0,0.02845940423821559,False
3,AudioGainBenchmarks,CopyOnly,"{""Length"":512,""Profile"":""Speech""}",18.71265509724617,0.5022267191032932,1.4808269201738102,100,0,0.026838880773108618,False
3,AudioGainBenchmarks,Scalar,"{""Length"":960,""Profile"":""Clipped""}",894.5142957899305,23.057441493141567,64.27493549320046,90,0,0.02577649301041067,False
3,AudioGainBenchmarks,Tensor,"{""Length"":960,""Profile"":""Clipped""}",159.8435741482359,8.193115556090468,24.028991390520325,99,0,0.051257084307263605,False
3,AudioGainBenchmarks,CopyOnly,"{""Length"":960,""Profile"":""Clipped""}",38.7064262103009,0.9773806346775226,2.7726663828719196,93,0,0.02525112055985715,False
3,AudioGainBenchmarks,Scalar,"{""Length"":960,""Profile"":""Low""}",699.4486960497769,20.951838758715468,57.707452930092494,88,0,0.029954789932476206,False
3,AudioGainBenchmarks,Tensor,"{""Length"":960,""Profile"":""Low""}",149.0808985233307,4.308377608437084,12.703349507646415,100,0,0.028899595126620707,False
3,AudioGainBenchmarks,CopyOnly,"{""Length"":960,""Profile"":""Low""}",40.39496338367462,1.0296126131488164,3.035836240699272,100,0,0.025488638357447503,False
3,AudioGainBenchmarks,Scalar,"{""Length"":960,""Profile"":""Speech""}",670.6888911700008,17.36903623073589,50.94038027325729,99,0,0.025897307170894123,False
3,AudioGainBenchmarks,Tensor,"{""Length"":960,""Profile"":""Speech""}",168.84760928153992,8.370524656297503,24.680682599196054,100,0,0.049574433963943905,False
3,AudioGainBenchmarks,CopyOnly,"{""Length"":960,""Profile"":""Speech""}",40.284779111107625,1.3808813573910315,3.872139655368436,91,0,0.03427799252870384,False
3,AudioGainBenchmarks,Scalar,"{""Length"":1600,""Profile"":""Clipped""}",1427.875410079956,66.52613080373715,196.15381189808178,100,0,0.04659099129665095,False
3,AudioGainBenchmarks,Tensor,"{""Length"":1600,""Profile"":""Clipped""}",219.7386301480807,4.2509811327004705,3.5497617745685153,13,0,0.01934562498107755,True
3,AudioGainBenchmarks,CopyOnly,"{""Length"":1600,""Profile"":""Clipped""}",66.77819550037384,4.147634302873114,12.229394210043273,100,0,0.06211060768855149,False
3,AudioGainBenchmarks,Scalar,"{""Length"":1600,""Profile"":""Low""}",1292.9830728117952,52.07214480519475,151.07074500335145,97,0,0.04027287433234194,False
3,AudioGainBenchmarks,Tensor,"{""Length"":1600,""Profile"":""Low""}",277.5827871716541,8.342990045994451,23.531553163043494,92,0,0.030055862364532133,False
3,AudioGainBenchmarks,CopyOnly,"{""Length"":1600,""Profile"":""Low""}",68.60176061329089,2.329776069245309,6.684564761293029,95,0,0.03396087867741893,False
3,AudioGainBenchmarks,Scalar,"{""Length"":1600,""Profile"":""Speech""}",1469.1200197357493,88.03180338650908,255.39624248897394,97,0,0.05992145107541545,False
3,AudioGainBenchmarks,Tensor,"{""Length"":1600,""Profile"":""Speech""}",264.377629388239,6.942134659961027,20.140392889852233,97,0,0.02625840422287202,False
3,AudioGainBenchmarks,CopyOnly,"{""Length"":1600,""Profile"":""Speech""}",73.41569636730438,3.5071014376105722,10.005958472685565,94,0,0.047770457969427596,False
3,AudioGainBenchmarks,Scalar,"{""Length"":4096,""Profile"":""Clipped""}",4542.040240887514,315.85642938154405,916.3568406732513,97,0,0.06954064971468102,False
3,AudioGainBenchmarks,Tensor,"{""Length"":4096,""Profile"":""Clipped""}",688.5708147165726,32.70256121574104,95.39491297707605,98,0,0.047493388503841785,False
3,AudioGainBenchmarks,CopyOnly,"{""Length"":4096,""Profile"":""Clipped""}",241.72829723358154,8.835911613630904,26.052886642715574,100,0,0.03655307100886406,False
3,AudioGainBenchmarks,Scalar,"{""Length"":4096,""Profile"":""Low""}",2867.619171921088,81.60470357511713,238.0447679529551,98,0,0.028457301574130622,False
3,AudioGainBenchmarks,Tensor,"{""Length"":4096,""Profile"":""Low""}",579.7696249825614,11.559670494786257,10.247346802606113,14,0,0.01993838586340903,True
3,AudioGainBenchmarks,CopyOnly,"{""Length"":4096,""Profile"":""Low""}",203.4068798778033,4.4784756096904355,13.134594664408326,99,0,0.022017326121814954,False
3,AudioGainBenchmarks,Scalar,"{""Length"":4096,""Profile"":""Speech""}",3023.204035931323,60.000294930754045,160.15294497511192,83,0,0.019846591304337968,True
3,AudioGainBenchmarks,Tensor,"{""Length"":4096,""Profile"":""Speech""}",673.1044988632202,20.515033779167197,60.48904435571804,100,0,0.030478230072469033,False
3,AudioGainBenchmarks,CopyOnly,"{""Length"":4096,""Profile"":""Speech""}",242.06423664093018,10.290309273133708,30.341211267647733,100,0,0.04251065508862427,False
3,AudioRmsBenchmarks,Scalar,"{""Length"":480,""Profile"":""Clipped""}",508.72928619384766,32.20814398628056,94.9664461279072,100,0,0.06331096884013059,False
3,AudioRmsBenchmarks,Meter,"{""Length"":480,""Profile"":""Clipped""}",28.7281439316516,2.067297124822191,6.030403185217421,98,0,0.07196069226541713,False
3,AudioRmsBenchmarks,Scalar,"{""Length"":480,""Profile"":""Silence""}",426.5316356783328,23.495470058293463,66.26939499141253,92,0,0.05508494116955133,False
3,AudioRmsBenchmarks,Meter,"{""Length"":480,""Profile"":""Silence""}",22.304544638801406,0.7286457287865423,2.043200891986732,91,0,0.03266803876009091,False
3,AudioRmsBenchmarks,Scalar,"{""Length"":480,""Profile"":""Speech""}",495.44401931762695,29.94631731849321,88.29739868175238,100,0,0.06044339249414728,False
3,AudioRmsBenchmarks,Meter,"{""Length"":480,""Profile"":""Speech""}",27.490120089572407,0.9429969994013774,2.659739961533063,92,0,0.03430312404342956,False
3,AudioRmsBenchmarks,Scalar,"{""Length"":512,""Profile"":""Clipped""}",484.28665098253185,32.316621607151404,90.6192783201956,91,0,0.06673035802574095,False
3,AudioRmsBenchmarks,Meter,"{""Length"":512,""Profile"":""Clipped""}",31.058652073144913,2.3304265528460673,6.871315769706293,100,0,0.07503308731356978,False
3,AudioRmsBenchmarks,Scalar,"{""Length"":512,""Profile"":""Silence""}",463.1001780430476,24.807783825768162,71.57613374522185,96,0,0.053568936057420705,False
3,AudioRmsBenchmarks,Meter,"{""Length"":512,""Profile"":""Silence""}",26.616254540122284,1.307784137741727,3.8148679912147827,98,0,0.04913479226651995,False
3,AudioRmsBenchmarks,Scalar,"{""Length"":512,""Profile"":""Speech""}",506.4842553138733,33.269949741646506,98.09720458167637,100,0,0.06568802365046628,False
3,AudioRmsBenchmarks,Meter,"{""Length"":512,""Profile"":""Speech""}",25.45393317937851,0.7273587427474659,2.1446338195772072,100,0,0.028575495096244505,False
3,AudioRmsBenchmarks,Scalar,"{""Length"":960,""Profile"":""Clipped""}",1192.712649345398,75.2860482075837,221.98262788237656,100,0,0.06312169846517793,False
3,AudioRmsBenchmarks,Meter,"{""Length"":960,""Profile"":""Clipped""}",48.92672864339685,1.8356837298992172,5.20752958150824,93,0,0.03751903674734978,False
3,AudioRmsBenchmarks,Scalar,"{""Length"":960,""Profile"":""Silence""}",889.7266491599705,34.0239339992731,95.96511649970994,92,0,0.03824088446872595,False
3,AudioRmsBenchmarks,Meter,"{""Length"":960,""Profile"":""Silence""}",50.45385044068098,1.028406157855138,1.6011046199958752,32,0,0.020383105528570984,False
3,AudioRmsBenchmarks,Scalar,"{""Length"":960,""Profile"":""Speech""}",870.9317945664928,38.36619427429613,108.83851524045384,93,0,0.04405189305712847,False
3,AudioRmsBenchmarks,Meter,"{""Length"":960,""Profile"":""Speech""}",49.00730721493985,1.6602146450218902,4.736686146480955,94,0,0.03387687957921048,False
3,AudioRmsBenchmarks,Scalar,"{""Length"":1600,""Profile"":""Clipped""}",1631.2525612967354,87.35180920395912,254.8093460456812,98,0,0.0535489177313661,False
3,AudioRmsBenchmarks,Meter,"{""Length"":1600,""Profile"":""Clipped""}",76.82852087561618,2.1987740334603494,6.379042625794462,97,0,0.028619242026279797,False
3,AudioRmsBenchmarks,Scalar,"{""Length"":1600,""Profile"":""Silence""}",1362.320967356364,27.157812308656073,68.6312622436914,75,0,0.01993495876478863,True
3,AudioRmsBenchmarks,Meter,"{""Length"":1600,""Profile"":""Silence""}",75.44617141996112,1.5390097463215267,4.4893639936234315,98,0,0.02039877859082912,False
3,AudioRmsBenchmarks,Scalar,"{""Length"":1600,""Profile"":""Speech""}",1336.8397544412053,25.154874961075862,40.62043744266452,34,0,0.01881667183931893,True
3,AudioRmsBenchmarks,Meter,"{""Length"":1600,""Profile"":""Speech""}",81.78653336585836,2.0394774795999413,5.81874443322572,94,0,0.024936592806503736,False
3,AudioRmsBenchmarks,Scalar,"{""Length"":4096,""Profile"":""Clipped""}",3418.091348501352,63.606016636688224,111.40081608883949,39,0,0.018608635683354694,True
3,AudioRmsBenchmarks,Meter,"{""Length"":4096,""Profile"":""Clipped""}",221.5060806274414,5.350863708244689,15.777143516970321,100,0,0.024156735079631914,False
3,AudioRmsBenchmarks,Scalar,"{""Length"":4096,""Profile"":""Silence""}",3428.171036883098,67.89046433012678,122.4205209394478,41,0,0.01980369812349064,True
3,AudioRmsBenchmarks,Meter,"{""Length"":4096,""Profile"":""Silence""}",212.85736464490793,4.797475483598413,14.070166141611988,99,0,0.022538451942227315,False
3,AudioRmsBenchmarks,Scalar,"{""Length"":4096,""Profile"":""Speech""}",3505.1633586054263,68.15731046946811,86.1971821327684,23,0,0.019444831380579466,True
3,AudioRmsBenchmarks,Meter,"{""Length"":4096,""Profile"":""Speech""}",232.0191674232483,4.655679848886027,13.727378073891806,100,0,0.020065927744638258,False
3,AudioRmsBoundaryBenchmarks,Scalar,"{""Length"":16}",6.316771561449224,0.15263827408518388,0.3252846312355461,55,0,0.024163969299875215,False
3,AudioRmsBoundaryBenchmarks,Meter,"{""Length"":16}",6.940380678999992,0.1645627102000456,0.44208706701208594,84,0,0.023710905469202116,False
3,AudioRmsBoundaryBenchmarks,Scalar,"{""Length"":31}",15.065568381099292,0.4756680952689461,1.3493913122107974,93,0,0.031573192808689636,False
3,AudioRmsBoundaryBenchmarks,Meter,"{""Length"":31}",14.893682421457887,0.35775140329787253,1.0492230130210825,99,0,0.02402034588722307,False
3,AudioRmsBoundaryBenchmarks,Scalar,"{""Length"":32}",15.28508418484738,0.3595960744619853,1.0317486214143072,95,0,0.023525946609994144,False
3,AudioRmsBoundaryBenchmarks,Meter,"{""Length"":32}",7.695158436894417,0.24418611027618023,0.7199883078206528,100,0,0.03173243439737778,False
3,AudioRmsBoundaryBenchmarks,Scalar,"{""Length"":33}",15.095775604248047,0.39034195771444713,1.1509321528909278,100,0,0.02585769475830062,False
3,AudioRmsBoundaryBenchmarks,Meter,"{""Length"":33}",8.287251709970002,0.3733100196662309,1.0830401359340043,97,0,0.04504629915091383,False
3,AudioRmsBoundaryBenchmarks,Scalar,"{""Length"":511}",444.1827014435169,22.629488026146213,61.56519562856367,86,0,0.05094635147340113,False
3,AudioRmsBoundaryBenchmarks,Meter,"{""Length"":511}",31.943747652380655,2.6247711517180092,7.27322902840708,89,0,0.08216854140852176,False
3,AudioRmsBoundaryBenchmarks,Scalar,"{""Length"":513}",477.47958019526317,20.755264162246334,60.871601339963476,99,0,0.04346838068710406,False
3,AudioRmsBoundaryBenchmarks,Meter,"{""Length"":513}",26.198406365452982,0.9114434205705915,2.658723431943582,98,0,0.03479003294538111,False
3,AudioRmsBoundaryBenchmarks,Scalar,"{""Length"":4097}",3967.869290997905,206.82863925187485,586.7384667980729,93,0,0.05212587010391619,False
3,AudioRmsBoundaryBenchmarks,Meter,"{""Length"":4097}",4084.2818603515625,202.83792833455155,598.0722516045851,100,0,0.049663058346588226,False
3,AudioRmsBoundaryBenchmarks,Scalar,"{""Length"":16000}",16038.154011387978,845.3367361882467,2398.0797935587775,93,0,0.052707857499560785,False
3,AudioRmsBoundaryBenchmarks,Meter,"{""Length"":16000}",16186.571058336194,814.3759835412936,2283.597735150651,91,0,0.05031182828075774,False
3,AudioStageBenchmarks,Scalar,"{""Scenario"":""Clipped""}",39789.13983154297,3349.592406413491,9876.349501840647,100,0,0.08418358427939905,False
3,AudioStageBenchmarks,Meter,"{""Scenario"":""Clipped""}",20449.8840948548,873.4903852859997,2561.796279333205,99,0,0.042713708363059634,False
3,AudioStageBenchmarks,MeterVad,"{""Scenario"":""Clipped""}",14133.967092762823,759.4896318594547,2142.154137827552,92,0,0.05373506439309207,False
3,AudioStageBenchmarks,MeterGain,"{""Scenario"":""Clipped""}",14459.15860262784,565.2410210630057,1657.7541883435758,99,0,0.03909224849088228,False
3,AudioStageBenchmarks,All,"{""Scenario"":""Clipped""}",3988.4155636742003,209.4502899058191,562.6746438286905,84,0,0.05251466066210756,False
3,AudioStageBenchmarks,Scalar,"{""Scenario"":""Fallback10""}",36832.58273216986,1778.3769302364703,5044.959717427292,93,0,0.0482827105329006,False
3,AudioStageBenchmarks,Meter,"{""Scenario"":""Fallback10""}",23630.988083672277,1401.8229210663192,4066.942774117044,97,0,0.05932138411236821,False
3,AudioStageBenchmarks,MeterVad,"{""Scenario"":""Fallback10""}",12719.836020956234,836.5640313462455,2440.296723047313,98,0,0.06576846037700378,False
3,AudioStageBenchmarks,MeterGain,"{""Scenario"":""Fallback10""}",14136.150390625,505.9979823022659,1491.9465756116385,100,0,0.0357946094459946,False
3,AudioStageBenchmarks,All,"{""Scenario"":""Fallback10""}",4637.1256664545845,97.20501037496129,285.0854893263503,99,0,0.020962341192983347,False
3,AudioStageBenchmarks,Scalar,"{""Scenario"":""Fallback100""}",29151.658566792805,1408.1661034640492,4062.8814756253123,96,0,0.04830483659232059,False
3,AudioStageBenchmarks,Meter,"{""Scenario"":""Fallback100""}",20813.40572276014,899.7442743833493,2567.0212298307833,94,0,0.04322907487453865,False
3,AudioStageBenchmarks,MeterVad,"{""Scenario"":""Fallback100""}",19920.264781605114,462.56795641022916,1274.0465826851814,88,0,0.023220974293342543,False
3,AudioStageBenchmarks,MeterGain,"{""Scenario"":""Fallback100""}",12263.454854329428,242.7471495415836,613.4530679331231,75,0,0.01979435260495825,True
3,AudioStageBenchmarks,All,"{""Scenario"":""Fallback100""}",13293.073553788034,334.64124842558874,960.1485423555803,95,0,0.025174106430053446,False
3,AudioStageBenchmarks,Scalar,"{""Scenario"":""Fallback50""}",32863.01867675781,2663.794106148876,7854.257593519824,100,0,0.08105749907974308,False
3,AudioStageBenchmarks,Meter,"{""Scenario"":""Fallback50""}",20100.325393676758,802.3343501974242,2314.9182192754083,96,0,0.039916485653004694,False
3,AudioStageBenchmarks,MeterVad,"{""Scenario"":""Fallback50""}",14719.50386710789,445.87642489002775,1257.60245890319,92,0,0.030291538961879035,False
3,AudioStageBenchmarks,MeterGain,"{""Scenario"":""Fallback50""}",12700.914407283703,273.7146354283679,780.9233135065743,94,0,0.02155078182964515,False
3,AudioStageBenchmarks,All,"{""Scenario"":""Fallback50""}",8564.088100857205,168.77077317934706,321.10396137150485,45,0,0.019706800209406333,True
3,AudioStageBenchmarks,Scalar,"{""Scenario"":""Fixed""}",55337.474601499496,1525.5836105444707,4327.827093292724,93,0,0.027568724838468353,False
3,AudioStageBenchmarks,Meter,"{""Scenario"":""Fixed""}",28605.169323907383,564.1063144652812,1362.3802531730455,69,0,0.01972043262802214,True
3,AudioStageBenchmarks,MeterVad,"{""Scenario"":""Fixed""}",33360.72082519531,2144.7045910941683,6290.047760439781,99,0,0.06428831686018019,False
3,AudioStageBenchmarks,MeterGain,"{""Scenario"":""Fixed""}",9914.441680908203,457.92173833025436,1350.1926752582083,100,0,0.04618734499311784,False
3,AudioStageBenchmarks,All,"{""Scenario"":""Fixed""}",9729.433486938477,542.2092220151671,1598.716240665446,100,0,0.055728755712557115,False
3,AudioStageBenchmarks,Scalar,"{""Scenario"":""Ordinary""}",33354.818420410156,1389.0861963005564,4095.752288122773,100,0,0.04164574301656399,False
3,AudioStageBenchmarks,Meter,"{""Scenario"":""Ordinary""}",20509.00271668726,959.9846549634751,2800.320501364558,98,0,0.04680796371353437,False
3,AudioStageBenchmarks,MeterVad,"{""Scenario"":""Ordinary""}",12629.964300598762,764.9015485190623,2243.323995387483,99,0,0.06056244739209594,False
3,AudioStageBenchmarks,MeterGain,"{""Scenario"":""Ordinary""}",16364.230732002643,754.1496941749228,2211.790665520629,99,0,0.046085251823055326,False
3,AudioStageBenchmarks,All,"{""Scenario"":""Ordinary""}",4920.746726989746,274.6664034200482,809.8601463855496,100,0,0.055818033046393885,False
3,AudioVadBenchmarks,Scalar,"{""Profile"":""Above"",""Threshold"":0.008}",604.861204964774,34.93580355268259,101.90938617028628,98,0,0.057758380378713815,False
3,AudioVadBenchmarks,Guarded,"{""Profile"":""Above"",""Threshold"":0.008}",537.4993243116013,25.19009099868539,71.86875228443397,94,0,0.046865344493125516,False
3,AudioVadBenchmarks,Scalar,"{""Profile"":""At"",""Threshold"":0.008}",591.7120442390442,39.16412409791839,115.47631191899507,100,0,0.06618780955909793,False
3,AudioVadBenchmarks,Guarded,"{""Profile"":""At"",""Threshold"":0.008}",595.4840419166967,34.89041846908598,100.1071583161937,95,0,0.05859169350161505,False
3,AudioVadBenchmarks,Scalar,"{""Profile"":""Below"",""Threshold"":0.008}",467.6502080307793,19.20165897910909,55.70749847401939,97,0,0.041059874772567825,False
3,AudioVadBenchmarks,Guarded,"{""Profile"":""Below"",""Threshold"":0.008}",531.7275254413335,24.822367567275595,72.79971245163408,99,0,0.046682495036669484,False
3,AudioVadBenchmarks,Scalar,"{""Profile"":""Mixed"",""Threshold"":0.008}",15098.196975044582,733.661764442806,2069.306174225497,92,0,0.04859267405607812,False
3,AudioVadBenchmarks,Guarded,"{""Profile"":""Mixed"",""Threshold"":0.008}",1234.1299152374268,70.983702954772,209.29706491268672,100,0,0.05751720469486867,False
3,AudioVadBenchmarks,Scalar,"{""Profile"":""Quiet"",""Threshold"":0.008}",482.64754712581635,28.02222968179901,80.85054568479438,96,0,0.0580594055614131,False
3,AudioVadBenchmarks,Guarded,"{""Profile"":""Quiet"",""Threshold"":0.008}",28.44301602061914,0.8798053169335507,2.5664335919122614,98,0,0.03093220902789476,False
3,AudioVadBenchmarks,Scalar,"{""Profile"":""Speech"",""Threshold"":0.008}",421.8573178185357,8.645851588015011,24.101180231499058,90,0,0.020494729432983482,False
3,AudioVadBenchmarks,Guarded,"{""Profile"":""Speech"",""Threshold"":0.008}",28.991015025020875,0.776615982855085,2.253103949344591,97,0,0.026788161165962,False
3,AudioVadBenchmarks,Scalar,"{""Profile"":""Above"",""Threshold"":0.03}",524.8873891830444,44.43472157151195,131.01678861492368,100,0,0.0846557232793722,False
3,AudioVadBenchmarks,Guarded,"{""Profile"":""Above"",""Threshold"":0.03}",480.2903230162873,11.210840410721891,30.689496955199267,87,0,0.023341799477275157,False
3,AudioVadBenchmarks,Scalar,"{""Profile"":""At"",""Threshold"":0.03}",461.3862906004253,19.957362560973024,57.26141849617493,95,0,0.043255213619376294,False
3,AudioVadBenchmarks,Guarded,"{""Profile"":""At"",""Threshold"":0.03}",513.4387694683271,12.864510579868464,37.32228055277542,97,0,0.025055588601518814,False
3,AudioVadBenchmarks,Scalar,"{""Profile"":""Below"",""Threshold"":0.03}",489.80853894744257,28.914257251199636,84.80051743391938,99,0,0.05903175414894552,False
3,AudioVadBenchmarks,Guarded,"{""Profile"":""Below"",""Threshold"":0.03}",601.1606912612915,57.15383596257619,168.5193870921351,100,0,0.09507247694898693,False
3,AudioVadBenchmarks,Scalar,"{""Profile"":""Mixed"",""Threshold"":0.03}",18812.237854003906,1196.2506864998925,3527.172395384064,100,0,0.06358896245006217,False
3,AudioVadBenchmarks,Guarded,"{""Profile"":""Mixed"",""Threshold"":0.03}",1550.6852073669434,96.17504950535948,283.5743239843317,100,0,0.06202100145693935,False
3,AudioVadBenchmarks,Scalar,"{""Profile"":""Quiet"",""Threshold"":0.03}",684.5176658630371,30.080642854265914,88.69346058342528,100,0,0.04394429005179926,False
3,AudioVadBenchmarks,Guarded,"{""Profile"":""Quiet"",""Threshold"":0.03}",44.621255572396095,2.413860213901327,7.079434666906102,99,0,0.05409664481504652,False
3,AudioVadBenchmarks,Scalar,"{""Profile"":""Speech"",""Threshold"":0.03}",668.9295120239258,36.570001117869026,107.82748122763446,100,0,0.05466943894764358,False
3,AudioVadBenchmarks,Guarded,"{""Profile"":""Speech"",""Threshold"":0.03}",35.30308440023539,2.0605792753831804,6.010806901660307,98,0,0.058368250547803154,False
