Run,Group,Parameters,Baseline,Candidate,BaselineMeanNs,BaselineErrorNs99_9,BaselineStdDevNs,BaselineBytes,CandidateMeanNs,CandidateErrorNs99_9,CandidateStdDevNs,CandidateBytes,MeanRatio,MeanImprovementPercent,ConservativeRatio,BeyondNoise,PrimaryWin,ComposedGate
1,AudioGainBenchmarks,"{""Length"":480,""Profile"":""Clipped""}",Scalar,Tensor,431.7760887145996,24.77557064573601,73.05133434632779,0,92.65824043750763,6.15756560245855,18.155722425794565,0,0.2145978965934678,78.54021034065322,0.24279036918387106,True,True,True
1,AudioGainBenchmarks,"{""Length"":480,""Profile"":""Clipped""}",Scalar,CopyOnly,431.7760887145996,24.77557064573601,73.05133434632779,0,21.12478858232498,1.7314633277147449,5.105259058203122,0,0.048925332213772245,95.10746677862278,0.05615779561777486,True,True,True
1,AudioGainBenchmarks,"{""Length"":480,""Profile"":""Low""}",Scalar,Tensor,567.3501296919219,46.59441939509087,135.91811828097994,0,113.520467877388,6.966010023327301,20.539439214149173,0,0.20008890795359652,79.99110920464034,0.23136851986133372,True,True,True
1,AudioGainBenchmarks,"{""Length"":480,""Profile"":""Low""}",Scalar,CopyOnly,567.3501296919219,46.59441939509087,135.91811828097994,0,25.68001810993467,2.226394804213654,6.494498617384917,0,0.045263086700763136,95.47369132992368,0.053588299393282995,True,True,True
1,AudioGainBenchmarks,"{""Length"":480,""Profile"":""Speech""}",Scalar,Tensor,517.0258376063133,28.133135825227345,82.06568366663662,0,88.43045433362325,4.681161366591899,13.506221854050374,0,0.1710368184751304,82.89631815248696,0.19045409219855405,True,True,True
1,AudioGainBenchmarks,"{""Length"":480,""Profile"":""Speech""}",Scalar,CopyOnly,517.0258376063133,28.133135825227345,82.06568366663662,0,24.321952586372692,1.6752079922445535,4.833358438870867,0,0.047042044743791936,95.2957955256208,0.05317559555278068,True,True,True
1,AudioGainBenchmarks,"{""Length"":512,""Profile"":""Clipped""}",Scalar,Tensor,398.79432678222656,17.60310356121139,50.50660761262879,0,79.72354453097108,3.2185707473841334,9.13055016187356,0,0.19991143097305514,80.00885690269448,0.21758663428162214,True,True,True
1,AudioGainBenchmarks,"{""Length"":512,""Profile"":""Clipped""}",Scalar,CopyOnly,398.79432678222656,17.60310356121139,50.50660761262879,0,22.901061283690588,0.5112241486944128,0.7331824588135392,0,0.05742574491586584,94.25742550841342,0.061418742106794336,True,True,True
1,AudioGainBenchmarks,"{""Length"":512,""Profile"":""Low""}",Scalar,Tensor,525.7575674057007,33.20240886076433,97.89805875605968,0,82.05140929473073,5.317541940366966,15.257025746165002,0,0.1560632017140626,84.39367982859373,0.1773790198303789,True,True,True
1,AudioGainBenchmarks,"{""Length"":512,""Profile"":""Low""}",Scalar,CopyOnly,525.7575674057007,33.20240886076433,97.89805875605968,0,24.663968443870544,2.170153932315743,6.398748297645347,0,0.04691129519176012,95.308870480824,0.054479426132612876,True,True,True
1,AudioGainBenchmarks,"{""Length"":512,""Profile"":""Speech""}",Scalar,Tensor,461.89626598358154,28.415683580165716,83.78429024202507,0,88.38375508785248,4.689878822440042,13.53137370921353,0,0.19134979344256953,80.86502065574305,0.21471234857683694,True,True,True
1,AudioGainBenchmarks,"{""Length"":512,""Profile"":""Speech""}",Scalar,CopyOnly,461.89626598358154,28.415683580165716,83.78429024202507,0,26.714618384838104,2.1097171311889693,6.2205490129925725,0,0.05783683556729098,94.2163164432709,0.06649510194023385,True,True,True
1,AudioGainBenchmarks,"{""Length"":960,""Profile"":""Clipped""}",Scalar,Tensor,1184.925687789917,77.14752983227417,227.4712488505565,0,194.9170301357905,13.194087845118835,38.067962978115375,0,0.16449726100490158,83.55027389950985,0.18786353250058097,True,True,True
1,AudioGainBenchmarks,"{""Length"":960,""Profile"":""Clipped""}",Scalar,CopyOnly,1184.925687789917,77.14752983227417,227.4712488505565,0,41.64711820451837,1.1699883610459767,3.356916174310416,0,0.035147451552170465,96.48525484478296,0.038651336694076166,True,True,True
1,AudioGainBenchmarks,"{""Length"":960,""Profile"":""Low""}",Scalar,Tensor,739.3770433727063,21.417023733846246,61.44946032921543,0,156.7472562789917,5.09211906395084,15.014229040008125,0,0.2119990844779019,78.80009155220982,0.2254155815310567,True,True,True
1,AudioGainBenchmarks,"{""Length"":960,""Profile"":""Low""}",Scalar,CopyOnly,739.3770433727063,21.417023733846246,61.44946032921543,0,42.346058246937204,1.3641678095788972,3.892047805073081,0,0.05727261703145865,94.27273829685413,0.060881142209705086,True,True,True
1,AudioGainBenchmarks,"{""Length"":960,""Profile"":""Speech""}",Scalar,Tensor,692.6343780093723,13.911402139100158,38.77943159376983,0,195.53608012199402,25.68553235526032,75.73437717247786,0,0.28230778940537676,71.76922105946232,0.32593800466766215,True,True,True
1,AudioGainBenchmarks,"{""Length"":960,""Profile"":""Speech""}",Scalar,CopyOnly,692.6343780093723,13.911402139100158,38.77943159376983,0,40.25988292694092,0.884382315461743,2.6076214001510474,0,0.05812573589351371,94.18742641064864,0.0606201155775619,True,True,True
1,AudioGainBenchmarks,"{""Length"":1600,""Profile"":""Clipped""}",Scalar,Tensor,1354.12154006958,29.139582928170135,85.91872395740998,0,249.27401638031006,5.610880633628438,16.543809343704023,0,0.18408540814401445,81.59145918559855,0.1923685795418991,True,True,True
1,AudioGainBenchmarks,"{""Length"":1600,""Profile"":""Clipped""}",Scalar,CopyOnly,1354.12154006958,29.139582928170135,85.91872395740998,0,61.96907198429108,1.542020726928992,4.546683234973004,0,0.04576330126253428,95.42366987374658,0.04793355288266901,True,True,True
1,AudioGainBenchmarks,"{""Length"":1600,""Profile"":""Low""}",Scalar,Tensor,1166.9449180063575,26.510434246417123,77.75052016599169,0,254.86052663702714,8.771073943594896,25.1658571722914,0,0.21839979137356222,78.16002086264378,0.23116768594320766,True,True,True
1,AudioGainBenchmarks,"{""Length"":1600,""Profile"":""Low""}",Scalar,CopyOnly,1166.9449180063575,26.510434246417123,77.75052016599169,0,61.21110284328461,1.5380457301081172,4.534962866310687,0,0.05245414920513937,94.75458507948606,0.05502214240884119,True,True,True
1,AudioGainBenchmarks,"{""Length"":1600,""Profile"":""Speech""}",Scalar,Tensor,1175.9047130743663,33.2712776736414,95.9952504169014,0,246.86311021143075,5.680030998879198,16.568918234586576,0,0.2099346209490179,79.00653790509821,0.22101851161194344,True,True,True
1,AudioGainBenchmarks,"{""Length"":1600,""Profile"":""Speech""}",Scalar,CopyOnly,1175.9047130743663,33.2712776736414,95.9952504169014,0,57.99555313587189,1.3800811278428287,4.06920063867246,0,0.049319942756453725,95.06800572435463,0.051963851594182965,True,True,True
1,AudioGainBenchmarks,"{""Length"":4096,""Profile"":""Clipped""}",Scalar,Tensor,3515.1970298922793,94.96244174312646,277.00992000026525,0,625.7549044960424,15.030323486276028,43.12481875553887,0,0.17801417649559695,82.1985823504403,0.18735125075998865,True,True,True
1,AudioGainBenchmarks,"{""Length"":4096,""Profile"":""Clipped""}",Scalar,CopyOnly,3515.1970298922793,94.96244174312646,277.00992000026525,0,205.09237874121894,4.1276094562898145,11.088555579112047,0,0.058344490222644464,94.16555097773556,0.06117123922506361,True,True,True
1,AudioGainBenchmarks,"{""Length"":4096,""Profile"":""Low""}",Scalar,Tensor,2993.8849687576294,82.10801176998847,236.90040485996403,0,644.4319543838501,16.135794537339716,47.576757708049804,0,0.2152494037375356,78.47505962624643,0.22686069663954472,True,True,True
1,AudioGainBenchmarks,"{""Length"":4096,""Profile"":""Low""}",Scalar,CopyOnly,2993.8849687576294,82.10801176998847,236.90040485996403,0,214.16647007590845,6.090663454271635,17.475256457805347,0,0.07153463553570696,92.84653644642931,0.07564354577420848,True,True,True
1,AudioGainBenchmarks,"{""Length"":4096,""Profile"":""Speech""}",Scalar,Tensor,3613.3234790919983,225.39270763741638,653.9051615502152,0,670.1067616862636,21.691360059424678,61.53478256235455,0,0.18545440660481816,81.45455933951818,0.20419488130469385,True,True,True
1,AudioGainBenchmarks,"{""Length"":4096,""Profile"":""Speech""}",Scalar,CopyOnly,3613.3234790919983,225.39270763741638,653.9051615502152,0,206.56449072288746,4.1715598490889585,12.234463802269362,0,0.057167450386920685,94.28325496130793,0.0622019943109695,True,True,True
1,AudioRmsBenchmarks,"{""Length"":480,""Profile"":""Clipped""}",Scalar,Meter,371.98627652793095,7.432398435964286,10.89431415611882,0,23.611559259771095,0.6197475038453795,1.8176122785338933,0,0.0634742751269164,93.65257248730836,0.06646838291898131,True,True,True
1,AudioRmsBenchmarks,"{""Length"":480,""Profile"":""Silence""}",Scalar,Meter,400.7753683596241,12.19151433491791,35.56322213926373,0,22.29369929432869,0.49394625825724353,1.456411792770456,0,0.05562642081916593,94.4373579180834,0.05864280081780518,True,True,True
1,AudioRmsBenchmarks,"{""Length"":480,""Profile"":""Speech""}",Scalar,Meter,377.71929800510406,7.566956027639507,11.780839858473355,0,23.86713580350683,0.5888722139998479,1.7270603915503646,0,0.063187493807066,93.6812506192934,0.0660701155822907,True,True,True
1,AudioRmsBenchmarks,"{""Length"":512,""Profile"":""Clipped""}",Scalar,Meter,440.15243199406837,19.431000507706937,56.68114464374135,0,24.410440235198298,0.6672979847599715,1.73439631307898,0,0.055459060227406085,94.45409397725939,0.059606514770025966,True,True,True
1,AudioRmsBenchmarks,"{""Length"":512,""Profile"":""Silence""}",Scalar,Meter,652.8799085617065,37.58492252834139,110.82000012263006,0,49.02172255516052,3.7669908296176935,11.107058259475982,0,0.07508535936288084,92.49146406371192,0.0857941549712477,True,True,True
1,AudioRmsBenchmarks,"{""Length"":512,""Profile"":""Speech""}",Scalar,Meter,764.8917331695557,35.567753805813716,104.87233220049141,0,34.06097908382831,2.7646112558425195,7.797635665793524,0,0.04453045785014115,95.54695421498589,0.05049277328272856,True,True,True
1,AudioRmsBenchmarks,"{""Length"":960,""Profile"":""Clipped""}",Scalar,Meter,1415.9453716278076,116.94000571552432,344.8002703201702,0,71.53282910585403,6.334665037903605,18.67790414488523,0,0.050519483688567755,94.94805163114323,0.059943935711975906,True,True,True
1,AudioRmsBenchmarks,"{""Length"":960,""Profile"":""Silence""}",Scalar,Meter,987.5896588720457,63.69876976399086,186.81747862177613,0,54.74540417393049,3.645096584802894,10.516937849043218,0,0.05543335096932543,94.45666490306746,0.06320064571164338,True,True,True
1,AudioRmsBenchmarks,"{""Length"":960,""Profile"":""Speech""}",Scalar,Meter,1184.3147420883179,72.0202476770247,212.35334063496703,0,53.11317854457431,3.0959052618397274,8.630147063671293,0,0.044847181798074336,95.51528182019257,0.05053435406615399,True,True,True
1,AudioRmsBenchmarks,"{""Length"":1600,""Profile"":""Clipped""}",Scalar,Meter,1871.0170440673828,111.29987120545572,328.1702052554854,0,81.18377858465844,2.9273606329109545,8.208633661095272,0,0.04339018655232234,95.66098134476778,0.04779810103277831,True,True,True
1,AudioRmsBenchmarks,"{""Length"":1600,""Profile"":""Silence""}",Scalar,Meter,1800.0027523040771,101.02315319464357,297.86906813435235,0,90.09492866536404,6.447139315003728,18.394052581922757,0,0.05005266161401078,94.99473383859892,0.05682355928874774,True,True,True
1,AudioRmsBenchmarks,"{""Length"":1600,""Profile"":""Speech""}",Scalar,Meter,1941.1320533752441,132.7358764434317,391.37475493388087,0,92.27255928516388,4.086246644542951,12.048391301269234,0,0.04753543640924386,95.24645635907561,0.053284123887716084,True,True,True
1,AudioRmsBenchmarks,"{""Length"":4096,""Profile"":""Clipped""}",Scalar,Meter,4784.866996765137,265.09615806537687,781.6420599819248,0,252.54290374283937,15.633618520987081,45.35596538032554,0,0.052779503362073356,94.72204966379266,0.059334097199710015,True,True,True
1,AudioRmsBenchmarks,"{""Length"":4096,""Profile"":""Silence""}",Scalar,Meter,3860.979739479397,88.35667697753804,249.21159322310675,0,223.12831445173785,5.4425752871306505,15.962132331882492,0,0.05779059448828494,94.22094055117151,0.060586728637365916,True,True,True
1,AudioRmsBenchmarks,"{""Length"":4096,""Profile"":""Speech""}",Scalar,Meter,3618.0091705322266,72.30218558897438,182.7168625938009,0,228.2240538597107,5.033614420699138,14.841726766857528,0,0.06308000977956002,93.69199902204399,0.06578594036984221,True,True,True
1,AudioStageBenchmarks,"{""Scenario"":""Fixed""}",Scalar,Meter,56291.75991482205,1119.7080501942537,1870.780763684036,0,27748.566495455227,548.7203513113865,1133.2027636354157,0,0.4929418894957807,50.705811050421936,0.5128916886433351,True,True,True
1,AudioStageBenchmarks,"{""Scenario"":""Fixed""}",Scalar,MeterGain,56291.75991482205,1119.7080501942537,1870.780763684036,0,8601.947040557861,170.32639834644633,445.7145301722368,0,0.15281005698833913,84.71899430116608,0.15899849910292052,True,True,True
1,AudioStageBenchmarks,"{""Scenario"":""Fixed""}",Meter,MeterGain,27748.566495455227,548.7203513113865,1133.2027636354157,0,8601.947040557861,170.32639834644633,445.7145301722368,0,0.30999608725613714,69.00039127438629,0.32251187717813573,True,True,True
1,AudioStageBenchmarks,"{""Scenario"":""Ordinary""}",Scalar,Meter,29626.162017822266,699.2543661057308,2061.7674249335846,0,21779.25193385074,670.4966355494913,1923.7806764885881,0,0.7351357871042815,26.486421289571847,0.7760853264959365,True,True,True
1,AudioStageBenchmarks,"{""Scenario"":""Ordinary""}",Scalar,MeterGain,29626.162017822266,699.2543661057308,2061.7674249335846,0,15539.108683268229,262.2960851197563,245.35192087373034,0,0.5245063020286036,47.54936979713964,0.5462528161889549,True,True,True
1,AudioStageBenchmarks,"{""Scenario"":""Ordinary""}",Meter,MeterGain,21779.25193385074,670.4966355494913,1923.7806764885881,0,15539.108683268229,262.2960851197563,245.35192087373034,0,0.7134822045525048,28.651779544749523,0.7485711281924624,True,True,True
1,AudioStageBenchmarks,"{""Scenario"":""Clipped""}",Scalar,Meter,27257.234943446827,540.6734036633242,1284.9676432144147,0,18979.61580164292,378.01713659806904,1021.9913849247702,0,0.6963147891200898,30.36852108799102,0.7245555499129493,True,True,True
1,AudioStageBenchmarks,"{""Scenario"":""Clipped""}",Scalar,MeterGain,27257.234943446827,540.6734036633242,1284.9676432144147,0,12126.160551372328,241.86235092489835,525.7888854282869,0,0.44487860109551186,55.51213989044881,0.4629346813166831,True,True,True
1,AudioStageBenchmarks,"{""Scenario"":""Clipped""}",Meter,MeterGain,18979.61580164292,378.01713659806904,1021.9913849247702,0,12126.160551372328,241.86235092489835,525.7888854282869,0,0.638904426628207,36.1095573371793,0.664890320719507,True,True,True
1,AudioStageBenchmarks,"{""Scenario"":""Fallback10""}",Scalar,Meter,28113.658405172413,933.0899150622383,2554.3187716634143,0,18035.24537927964,351.6428774083341,567.8377462033255,0,0.6415118630011338,35.84881369988662,0.6764718060763947,True,True,True
1,AudioStageBenchmarks,"{""Scenario"":""Fallback10""}",Scalar,MeterGain,28113.658405172413,933.0899150622383,2554.3187716634143,0,12521.9655423551,249.83900130755373,626.7972509378885,0,0.4454050540804494,55.459494591955064,0.4698873221989362,True,True,True
1,AudioStageBenchmarks,"{""Scenario"":""Fallback10""}",Meter,MeterGain,18035.24537927964,351.6428774083341,567.8377462033255,0,12521.9655423551,249.83900130755373,626.7972509378885,0,0.6943052494723112,30.56947505276888,0.722239970182044,True,True,True
1,AudioStageBenchmarks,"{""Scenario"":""Fallback50""}",Scalar,Meter,27226.582213653914,542.470789005726,1485.0051394500013,0,18558.417426215277,369.513411603422,1030.0557718750777,0,0.6816286113542515,31.837138864574854,0.7093333758280935,True,True,True
1,AudioStageBenchmarks,"{""Scenario"":""Fallback50""}",Scalar,MeterGain,27226.582213653914,542.470789005726,1485.0051394500013,0,12684.427788552273,252.77579848468554,700.440598036225,0,0.4658839544756056,53.41160455243944,0.48482797051607374,True,True,True
1,AudioStageBenchmarks,"{""Scenario"":""Fallback50""}",Meter,MeterGain,18558.417426215277,369.513411603422,1030.0557718750777,0,12684.427788552273,252.77579848468554,700.440598036225,0,0.6834865008820464,31.651349911795357,0.7112690009603656,True,True,True
1,AudioStageBenchmarks,"{""Scenario"":""Fallback100""}",Scalar,Meter,27122.6508585612,549.360493652311,1531.3975881720457,0,18193.375297214672,362.34997118920774,875.1159716301696,0,0.6707816058278823,32.92183941721177,0.6982848195911587,True,True,True
1,AudioStageBenchmarks,"{""Scenario"":""Fallback100""}",Scalar,MeterGain,27122.6508585612,549.360493652311,1531.3975881720457,0,12298.183419969348,243.22014101868976,601.1799721603943,0,0.45342851936198025,54.657148063801976,0.4719552373367158,True,True,True
1,AudioStageBenchmarks,"{""Scenario"":""Fallback100""}",Meter,MeterGain,18193.375297214672,362.34997118920774,875.1159716301696,0,12298.183419969348,243.22014101868976,601.1799721603943,0,0.6759704133543679,32.40295866456321,0.7033473023384189,True,True,True
2,AudioGainBenchmarks,"{""Length"":480,""Profile"":""Clipped""}",Scalar,Tensor,371.9579701728009,11.073729560749443,31.593975849783522,0,79.29059267044067,1.5824865099437622,2.2695550540069864,0,0.21317083925800692,78.68291607419931,0.2240970097315015,True,True,True
2,AudioGainBenchmarks,"{""Length"":480,""Profile"":""Clipped""}",Scalar,CopyOnly,371.9579701728009,11.073729560749443,31.593975849783522,0,18.0222335315886,0.41065787066356707,0.4888590261916756,0,0.04845233864249768,95.15476613575024,0.05107701952013865,True,True,True
2,AudioGainBenchmarks,"{""Length"":480,""Profile"":""Low""}",Scalar,Tensor,411.6162300109863,8.191306401799963,17.278246667187563,0,78.35615944862366,1.6944460686196527,4.996112826642736,0,0.19036217169214215,80.96378283078577,0.19842751608175674,True,True,True
2,AudioGainBenchmarks,"{""Length"":480,""Profile"":""Low""}",Scalar,CopyOnly,411.6162300109863,8.191306401799963,17.278246667187563,0,20.277711391448975,0.4602566352435726,0.9297411729791332,0,0.04926363421313039,95.07363657868696,0.05140477648520852,True,True,True
2,AudioGainBenchmarks,"{""Length"":480,""Profile"":""Speech""}",Scalar,Tensor,414.9119218190511,8.290377314297848,19.048521964695993,0,73.80089235305786,1.5749317681451602,4.643722189592678,0,0.17787122633040048,82.21287736695994,0.18537095522817756,True,True,True
2,AudioGainBenchmarks,"{""Length"":480,""Profile"":""Speech""}",Scalar,CopyOnly,414.9119218190511,8.290377314297848,19.048521964695993,0,17.99281064201804,0.413736982047709,0.845155079931705,0,0.04336537394041176,95.66346260595883,0.045267025008436525,True,True,True
2,AudioGainBenchmarks,"{""Length"":512,""Profile"":""Clipped""}",Scalar,Tensor,393.89984733179995,7.874581282937586,13.583266888440452,0,73.51292239295111,1.5124064150378875,3.73829421642269,0,0.18662846124697224,81.33715387530277,0.19435341519457028,True,True,True
2,AudioGainBenchmarks,"{""Length"":512,""Profile"":""Clipped""}",Scalar,CopyOnly,393.89984733179995,7.874581282937586,13.583266888440452,0,19.821502992085048,0.3970416789074299,0.6523509168481442,0,0.050321174598954556,94.96788254010454,0.052376221064331194,True,True,True
2,AudioGainBenchmarks,"{""Length"":512,""Profile"":""Low""}",Scalar,Tensor,435.82062794612006,8.740486850908066,20.43060775355106,0,81.95475780963898,1.7449780452242023,5.145107510595861,0,0.18804699124927823,81.19530087507218,0.1959813341829055,True,True,True
2,AudioGainBenchmarks,"{""Length"":512,""Profile"":""Low""}",Scalar,CopyOnly,435.82062794612006,8.740486850908066,20.43060775355106,0,20.450868732050846,0.4601348799327297,0.7937101230194145,0,0.0469249673390383,95.30750326609618,0.04896271589299147,True,True,True
2,AudioGainBenchmarks,"{""Length"":512,""Profile"":""Speech""}",Scalar,Tensor,432.6027496188295,8.706721565121148,17.785526263312217,0,72.66658246517181,1.8775397537676055,5.535968727509597,0,0.16797531344680322,83.20246865531968,0.17585473155104572,True,True,True
2,AudioGainBenchmarks,"{""Length"":512,""Profile"":""Speech""}",Scalar,CopyOnly,432.6027496188295,8.706721565121148,17.785526263312217,0,19.58434859911601,0.3732954071881804,0.3491807556530811,0,0.04527097577713496,95.4729024222865,0.047081460276800526,True,True,True
2,AudioGainBenchmarks,"{""Length"":960,""Profile"":""Clipped""}",Scalar,Tensor,884.0471787886186,17.605179036580182,27.923681829483467,0,148.94790757786143,3.0260867422547673,5.683724857023476,0,0.16848411617800757,83.15158838219925,0.17540007797822438,True,True,True
2,AudioGainBenchmarks,"{""Length"":960,""Profile"":""Clipped""}",Scalar,CopyOnly,884.0471787886186,17.605179036580182,27.923681829483467,0,44.69755863149961,0.9381430593732673,1.219851074012659,0,0.05056015075207552,94.94398492479245,0.052670232634074846,True,True,True
2,AudioGainBenchmarks,"{""Length"":960,""Profile"":""Low""}",Scalar,Tensor,713.7491206733548,13.71186916428516,27.384086411403725,0,153.0357607773372,3.0076736922810707,8.079920654768003,0,0.21441113739371395,78.5588862606286,0.22290732976457409,True,True,True
2,AudioGainBenchmarks,"{""Length"":960,""Profile"":""Low""}",Scalar,CopyOnly,713.7491206733548,13.71186916428516,27.384086411403725,0,43.24553542666965,0.906273818975889,1.514180081920842,0,0.06058926613579793,93.9410733864202,0.06307065681214467,True,True,True
2,AudioGainBenchmarks,"{""Length"":960,""Profile"":""Speech""}",Scalar,Tensor,719.9315968681784,14.2755254797995,29.16111781507555,0,154.61232471466064,3.4440934458826318,10.15498796910533,0,0.21475974299120895,78.52402570087911,0.2239850609512466,True,True,True
2,AudioGainBenchmarks,"{""Length"":960,""Profile"":""Speech""}",Scalar,CopyOnly,719.9315968681784,14.2755254797995,29.16111781507555,0,45.57897843876663,0.957082439115429,1.9113971918459662,0,0.0633101514602814,93.66898485397186,0.06594722665153624,True,True,True
2,AudioGainBenchmarks,"{""Length"":1600,""Profile"":""Clipped""}",Scalar,Tensor,1436.0847274462383,28.457674393745936,56.17267717822049,0,247.05614172002322,5.004757636811942,14.197665435215432,0,0.17203451648661314,82.79654835133869,0.17906795611112447,True,True,True
2,AudioGainBenchmarks,"{""Length"":1600,""Profile"":""Clipped""}",Scalar,CopyOnly,1436.0847274462383,28.457674393745936,56.17267717822049,0,63.76966890834627,1.3087963168145311,2.393208260117483,0,0.04440522741422551,95.55947725857746,0.04623274686575233,True,True,True
2,AudioGainBenchmarks,"{""Length"":1600,""Profile"":""Low""}",Scalar,Tensor,1202.281119331481,24.078471654178987,55.32429692794801,0,258.33348083496094,5.268309848953121,15.53373158257252,0,0.21486944831888005,78.513055168112,0.2237321323318838,True,True,True
2,AudioGainBenchmarks,"{""Length"":1600,""Profile"":""Low""}",Scalar,CopyOnly,1202.281119331481,24.078471654178987,55.32429692794801,0,64.36981856822968,1.3195327853962897,1.715765489472262,0,0.05353974002687658,94.64602599731235,0.05575386499353515,True,True,True
2,AudioGainBenchmarks,"{""Length"":1600,""Profile"":""Speech""}",Scalar,Tensor,1192.5907979246047,23.835288637377204,53.80022258957207,0,261.3718361854553,5.313870918762842,15.668069434621918,0,0.2191630495894361,78.08369504105639,0.22817920855565257,True,True,True
2,AudioGainBenchmarks,"{""Length"":1600,""Profile"":""Speech""}",Scalar,CopyOnly,1192.5907979246047,23.835288637377204,53.80022258957207,0,64.11567112756154,1.3277379458438678,3.0506989568675995,0,0.05376166849445615,94.62383315055438,0.055994096757940814,True,True,True
2,AudioGainBenchmarks,"{""Length"":4096,""Profile"":""Clipped""}",Scalar,Tensor,3774.2183783115483,74.67167376823735,130.78142346211777,0,640.2303195390544,12.818950526329195,28.934509758767163,0,0.16963255841742544,83.03674415825746,0.17652142876406773,True,True,True
2,AudioGainBenchmarks,"{""Length"":4096,""Profile"":""Clipped""}",Scalar,CopyOnly,3774.2183783115483,74.67167376823735,130.78142346211777,0,526.9427559592507,9.937617431195111,12.204287727973892,0,0.13961639289006542,86.03836071099346,0.1451205826733091,True,True,True
2,AudioGainBenchmarks,"{""Length"":4096,""Profile"":""Low""}",Scalar,Tensor,3092.5209999084473,61.53253949812791,95.79875861109815,0,674.4931264357133,15.130288484633038,44.374520198616565,0,0.21810462288071167,78.18953771192884,0.22752426277036658,True,True,True
2,AudioGainBenchmarks,"{""Length"":4096,""Profile"":""Low""}",Scalar,CopyOnly,3092.5209999084473,61.53253949812791,95.79875861109815,0,258.4415290666663,5.146280316758297,9.915135793956429,0,0.08356985419802077,91.64301458019793,0.08696430647173808,True,True,True
2,AudioGainBenchmarks,"{""Length"":4096,""Profile"":""Speech""}",Scalar,Tensor,3659.0078506469727,145.39232276435843,428.6925751789411,0,1113.0211009535678,21.996029877515355,40.77105494849601,0,0.3041865845564577,69.58134154435423,0.3230339579911496,True,True,True
2,AudioGainBenchmarks,"{""Length"":4096,""Profile"":""Speech""}",Scalar,CopyOnly,3659.0078506469727,145.39232276435843,428.6925751789411,0,245.2850560347239,6.862769119001172,19.80065949357313,0,0.06703594691423072,93.29640530857692,0.07176306660554725,True,True,True
2,AudioRmsBenchmarks,"{""Length"":480,""Profile"":""Clipped""}",Scalar,Meter,414.44934606552124,8.00921429227931,11.486576764760843,0,23.913685353689417,0.5052596625434151,1.3745962759637746,0,0.05769989886751769,94.23001011324823,0.060080053880743424,True,True,True
2,AudioRmsBenchmarks,"{""Length"":480,""Profile"":""Silence""}",Scalar,Meter,416.64317893981934,8.3333678797783,11.124807703381505,0,24.69319087086302,0.670261861798546,1.9657621568121262,0,0.059266999003071995,94.0733000996928,0.06211815647244373,True,True,True
2,AudioRmsBenchmarks,"{""Length"":480,""Profile"":""Speech""}",Scalar,Meter,417.035444577535,8.12107175925619,6.3403986496766445,0,24.183103621006012,0.6237598279502292,1.8391700596911293,0,0.057988125315113125,94.20118746848868,0.060665178575125295,True,True,True
2,AudioRmsBenchmarks,"{""Length"":512,""Profile"":""Clipped""}",Scalar,Meter,447.7112107806736,8.45691028800709,14.129598411175627,0,26.431196234947027,0.5526286557294964,1.5034671248694023,0,0.05903626176538885,94.09637382346111,0.061430986242847326,True,True,True
2,AudioRmsBenchmarks,"{""Length"":512,""Profile"":""Silence""}",Scalar,Meter,444.0019192902938,8.763918837741082,11.083552197852201,0,24.803813833456772,0.5174298539064406,1.0685824555858434,0,0.05586420408520743,94.41357959147926,0.05817792486187933,True,True,True
2,AudioRmsBenchmarks,"{""Length"":512,""Profile"":""Speech""}",Scalar,Meter,448.1361978194293,7.6796899668407566,7.8864761874547975,0,27.6351281106472,0.6252171498602543,1.8434670065353305,0,0.061666806308251894,93.8333193691748,0.06416148872061983,True,True,True
2,AudioRmsBenchmarks,"{""Length"":960,""Profile"":""Clipped""}",Scalar,Meter,878.1680107116699,17.442084293901015,43.11251406363135,0,49.7234486140214,1.0175568566199524,2.6083874251734027,0,0.056621794471567434,94.33782055284325,0.05895140823957624,True,True,True
2,AudioRmsBenchmarks,"{""Length"":960,""Profile"":""Silence""}",Scalar,Meter,874.2983588465938,13.366374680507134,18.737792089570128,0,50.34544721468171,1.0384058693396268,2.4678815965140983,0,0.057583829027311975,94.2416170972688,0.05968398669006659,True,True,True
2,AudioRmsBenchmarks,"{""Length"":960,""Profile"":""Speech""}",Scalar,Meter,873.1211344401041,17.481433471510478,16.352143723011146,0,52.644376053529626,1.0761492818079663,2.9094323733532512,0,0.060294470007633306,93.97055299923667,0.06278404949481114,True,True,True
2,AudioRmsBenchmarks,"{""Length"":1600,""Profile"":""Clipped""}",Scalar,Meter,1471.1286221520375,29.03968674545779,64.34994475823784,0,82.18650433324999,2.5318421294998656,7.18241523326201,0,0.05586629414702273,94.41337058529773,0.058746963784771386,True,True,True
2,AudioRmsBenchmarks,"{""Length"":1600,""Profile"":""Silence""}",Scalar,Meter,1470.8643074035645,28.99070376858167,38.70176011235313,0,76.79158796866734,1.564152364662472,3.866197392633456,0,0.052208478771385305,94.77915212286146,0.05434300214373433,True,True,True
2,AudioRmsBenchmarks,"{""Length"":1600,""Profile"":""Speech""}",Scalar,Meter,1460.078307560512,20.631898381498754,18.289640522772945,0,81.84225797653198,1.8906790508468638,5.574710244213181,0,0.05605333464153263,94.39466653584674,0.05817023578886542,True,True,True
2,AudioRmsBenchmarks,"{""Length"":4096,""Profile"":""Clipped""}",Scalar,Meter,3840.6801363316977,71.10088574293532,128.20957343259408,0,229.91654674212137,4.598222467545625,9.076443235988583,0,0.05986349776102906,94.01365022389709,0.06221245227117553,True,True,True
2,AudioRmsBenchmarks,"{""Length"":4096,""Profile"":""Silence""}",Scalar,Meter,3918.339566486638,76.53147168227702,138.0020408469852,0,228.6234164237976,4.585334435521204,8.15042794408934,0,0.058347014735323666,94.16529852646764,0.06070286310623089,True,True,True
2,AudioRmsBenchmarks,"{""Length"":4096,""Profile"":""Speech""}",Scalar,Meter,3877.414441991735,73.36812841154844,154.75829593263254,0,239.78197574615479,4.802186971190427,12.982992669384876,0,0.06184068774009737,93.81593122599027,0.06429578994456413,True,True,True
2,AudioStageBenchmarks,"{""Scenario"":""Fixed""}",Scalar,Meter,55694.45686340332,1100.2740839604485,1080.6162708708796,0,28019.289538325094,558.3209109244406,1115.0272721294295,0,0.503089375789146,49.6910624210854,0.5234552290067482,True,True,True
2,AudioStageBenchmarks,"{""Scenario"":""Fixed""}",Scalar,MeterGain,55694.45686340332,1100.2740839604485,1080.6162708708796,0,8621.882041103869,172.00352536235712,459.11226210928646,0,0.15480682507147825,84.51931749285218,0.16107733679232789,True,True,True
2,AudioStageBenchmarks,"{""Scenario"":""Fixed""}",Meter,MeterGain,28019.289538325094,558.3209109244406,1115.0272721294295,0,8621.882041103869,172.00352536235712,459.11226210928646,0,0.3077123718397914,69.22876281602086,0.3202321697309561,True,True,True
2,AudioStageBenchmarks,"{""Scenario"":""Ordinary""}",Scalar,Meter,28243.162727355957,552.0939154473301,859.5437823300622,0,19420.777723524305,378.613185668335,632.5776299478895,0,0.6876275830367112,31.237241696328876,0.7150099927048628,True,True,True
2,AudioStageBenchmarks,"{""Scenario"":""Ordinary""}",Scalar,MeterGain,28243.162727355957,552.0939154473301,859.5437823300622,0,13108.565306052184,260.68421381594436,456.5674081816827,0,0.464132343554973,53.5867656445027,0.482800054078037,True,True,True
2,AudioStageBenchmarks,"{""Scenario"":""Ordinary""}",Meter,MeterGain,19420.777723524305,378.613185668335,632.5776299478895,0,13108.565306052184,260.68421381594436,456.5674081816827,0,0.6749763316725382,32.502366832746176,0.7020866505638031,True,True,True
2,AudioStageBenchmarks,"{""Scenario"":""Clipped""}",Scalar,Meter,29339.45815142463,481.81822881846097,494.7918476742372,0,19453.831787109375,387.55868548843125,737.3707356428541,0,0.6630603635113403,33.69396364886597,0.6875610939013306,True,True,True
2,AudioStageBenchmarks,"{""Scenario"":""Clipped""}",Scalar,MeterGain,29339.45815142463,481.81822881846097,494.7918476742372,0,12822.18527958311,255.4226043929596,374.3951725416256,0,0.437028700850786,56.2971299149214,0.4531766256370633,True,True,True
2,AudioStageBenchmarks,"{""Scenario"":""Clipped""}",Meter,MeterGain,19453.831787109375,387.55868548843125,737.3707356428541,0,12822.18527958311,255.4226043929596,374.3951725416256,0,0.659108468701751,34.0891531298249,0.6859026834596352,True,True,True
2,AudioStageBenchmarks,"{""Scenario"":""Fallback10""}",Scalar,Meter,28269.121636284723,557.7058559630023,596.7390180589558,0,19372.788906097412,386.479092847964,601.7014351423727,0,0.6852985796782431,31.470142032175687,0.7130371163849636,True,True,True
2,AudioStageBenchmarks,"{""Scenario"":""Fallback10""}",Scalar,MeterGain,28269.121636284723,557.7058559630023,596.7390180589558,0,13048.187314547025,258.5476627940757,353.90298899472396,0,0.4615703127400702,53.84296872599298,0.48018964757442695,True,True,True
2,AudioStageBenchmarks,"{""Scenario"":""Fallback10""}",Meter,MeterGain,19372.788906097412,386.479092847964,601.7014351423727,0,13048.187314547025,258.5476627940757,353.90298899472396,0,0.6735316932318519,32.64683067681481,0.7008594670700622,True,True,True
2,AudioStageBenchmarks,"{""Scenario"":""Fallback50""}",Scalar,Meter,28096.36441744291,560.7303547315029,468.2352419197112,0,19185.973127498182,374.3416529878525,693.866310805474,0,0.6828631933456508,31.713680665434918,0.7103636958545472,True,True,True
2,AudioStageBenchmarks,"{""Scenario"":""Fallback50""}",Scalar,MeterGain,28096.36441744291,560.7303547315029,468.2352419197112,0,13060.225651181978,257.34829744468027,377.21782868075087,0,0.46483685423278004,53.51631457672199,0.4836487120033759,True,True,True
2,AudioStageBenchmarks,"{""Scenario"":""Fallback50""}",Meter,MeterGain,19185.973127498182,374.3416529878525,693.866310805474,0,13060.225651181978,257.34829744468027,377.21782868075087,0,0.680717395171553,31.928260482844696,0.707943591531224,True,True,True
2,AudioStageBenchmarks,"{""Scenario"":""Fallback100""}",Scalar,Meter,28282.962676017516,457.55475420948557,1042.0837923121546,0,19124.905789283013,375.61527847264574,573.604248488502,0,0.6761988129871536,32.380118701284644,0.7008170777784796,True,True,True
2,AudioStageBenchmarks,"{""Scenario"":""Fallback100""}",Scalar,MeterGain,28282.962676017516,457.55475420948557,1042.0837923121546,0,12976.323645455497,254.98876607089412,365.6972992280161,0,0.45880354876891116,54.11964512310888,0.4755118936156337,True,True,True
2,AudioStageBenchmarks,"{""Scenario"":""Fallback100""}",Meter,MeterGain,19124.905789283013,375.61527847264574,573.604248488502,0,12976.323645455497,254.98876607089412,365.6972992280161,0,0.6785039251135561,32.14960748864439,0.705696698437605,True,True,True
3,AudioGainBenchmarks,"{""Length"":480,""Profile"":""Clipped""}",Scalar,Tensor,394.8132426551219,12.816240352883478,35.51374423961547,0,79.68828507832119,1.5919547758751424,4.276683440780676,0,0.20183792352661958,79.81620764733805,0.21277716674301778,True,True,True
3,AudioGainBenchmarks,"{""Length"":480,""Profile"":""Clipped""}",Scalar,CopyOnly,394.8132426551219,12.816240352883478,35.51374423961547,0,19.12859562904604,0.42857005881736193,0.9760709686766076,0,0.04844973157538004,95.155026842462,0.05119717057986138,True,True,True
3,AudioGainBenchmarks,"{""Length"":480,""Profile"":""Low""}",Scalar,Tensor,423.25702124628526,8.421292815872414,18.4849432605184,0,78.28472137451172,1.658246307527919,4.8893770065648825,0,0.18495788007013195,81.50421199298681,0.19270993842433648,True,True,True
3,AudioGainBenchmarks,"{""Length"":480,""Profile"":""Low""}",Scalar,CopyOnly,423.25702124628526,8.421292815872414,18.4849432605184,0,20.20781899491946,0.45578209440309647,1.0194220428624747,0,0.047743611991166265,95.22563880088337,0.049811527004932986,True,True,True
3,AudioGainBenchmarks,"{""Length"":480,""Profile"":""Speech""}",Scalar,Tensor,416.0355514950222,8.231285239283162,15.66087686701468,0,76.2441939175731,2.1203635216752357,6.218659612243971,0,0.18326365053080168,81.67363494691983,0.1921621815258425,True,True,True
3,AudioGainBenchmarks,"{""Length"":480,""Profile"":""Speech""}",Scalar,CopyOnly,416.0355514950222,8.231285239283162,15.66087686701468,0,18.42003272425744,0.41745521848362405,0.9507568508374501,0,0.0442751410500019,95.57248589499982,0.04619247394270232,True,True,True
3,AudioGainBenchmarks,"{""Length"":512,""Profile"":""Clipped""}",Scalar,Tensor,402.1376621432421,8.034770008450502,14.488348839097192,0,77.93591944376628,1.595442137863241,4.031886166450434,0,0.1938040794995356,80.61959205004644,0.20180354716713955,True,True,True
3,AudioGainBenchmarks,"{""Length"":512,""Profile"":""Clipped""}",Scalar,CopyOnly,402.1376621432421,8.034770008450502,14.488348839097192,0,20.35129014097276,0.45182008983922833,1.0198333141085785,0,0.05060776956952517,94.93922304304748,0.05278598722817005,True,True,True
3,AudioGainBenchmarks,"{""Length"":512,""Profile"":""Low""}",Scalar,Tensor,438.45058986118863,8.764542388358512,21.334109075932176,0,81.77722680568695,1.806368234189022,5.326117881003822,0,0.18651412199394515,81.34858780060549,0.19452247875272496,True,True,True
3,AudioGainBenchmarks,"{""Length"":512,""Profile"":""Low""}",Scalar,CopyOnly,438.45058986118863,8.764542388358512,21.334109075932176,0,20.598429718682933,0.4636799078422725,0.8594605074834674,0,0.04698004791190793,95.3019952088092,0.049017439012508324,True,True,True
3,AudioGainBenchmarks,"{""Length"":512,""Profile"":""Speech""}",Scalar,Tensor,408.76495838165283,8.121906279575335,19.144290061320834,0,78.20844942209672,1.7984881287682886,5.2462746695073355,0,0.19132865432431612,80.86713456756839,0.19969630605370015,True,True,True
3,AudioGainBenchmarks,"{""Length"":512,""Profile"":""Speech""}",Scalar,CopyOnly,408.76495838165283,8.121906279575335,19.144290061320834,0,19.806384156316014,0.4445692421619641,0.9851348062082226,0,0.04845421250082627,95.15457874991738,0.05054612401794093,True,True,True
3,AudioGainBenchmarks,"{""Length"":960,""Profile"":""Clipped""}",Scalar,Tensor,885.9644386985085,17.65252584111205,37.61897461836833,0,158.11131629678937,3.2081260471075024,7.929693320665085,0,0.17846237319531316,82.15376268046867,0.18578513084432424,True,True,True
3,AudioGainBenchmarks,"{""Length"":960,""Profile"":""Clipped""}",Scalar,CopyOnly,885.9644386985085,17.65252584111205,37.61897461836833,0,43.098716313640274,0.8970802876957342,1.7707491029116564,0,0.048646101842363745,95.13538981576363,0.05066819417063725,True,True,True
3,AudioGainBenchmarks,"{""Length"":960,""Profile"":""Low""}",Scalar,Tensor,713.2733784223858,14.275625427043227,36.33602739384029,0,153.22378999308535,3.1252305423541857,7.954710158192229,0,0.2148177608029966,78.51822391970033,0.22367599876459301,True,True,True
3,AudioGainBenchmarks,"{""Length"":960,""Profile"":""Low""}",Scalar,CopyOnly,713.2733784223858,14.275625427043227,36.33602739384029,0,42.663443258830476,0.889942952286542,1.4622019090394438,0,0.0598135925852066,94.01864074147935,0.06230833507616041,True,True,True
3,AudioGainBenchmarks,"{""Length"":960,""Profile"":""Speech""}",Scalar,Tensor,706.5262980577422,13.991011621277293,25.22868193709754,0,154.00362957355588,3.1327437046334303,8.522860915238908,0,0.21797296151171663,78.20270384882834,0.22690016863509732,True,True,True
3,AudioGainBenchmarks,"{""Length"":960,""Profile"":""Speech""}",Scalar,CopyOnly,706.5262980577422,13.991011621277293,25.22868193709754,0,45.048619168145315,0.9484035902823953,1.3601722024412548,0,0.0637607110902808,93.62392889097192,0.06641830915953999,True,True,True
3,AudioGainBenchmarks,"{""Length"":1600,""Profile"":""Clipped""}",Scalar,Tensor,1419.7152290344238,28.269269559808222,57.10532304632633,0,246.0655433253238,4.965358267342835,14.246544695528042,0,0.1733203520629118,82.66796479370882,0.18041009777156655,True,True,True
3,AudioGainBenchmarks,"{""Length"":1600,""Profile"":""Clipped""}",Scalar,CopyOnly,1419.7152290344238,28.269269559808222,57.10532304632633,0,63.782333869200485,1.0963157017317997,1.5006494335775622,0,0.04492614614874569,95.50738538512543,0.046626783547834845,True,True,True
3,AudioGainBenchmarks,"{""Length"":1600,""Profile"":""Low""}",Scalar,Tensor,1188.0271319685312,23.59098755301101,51.782793439397615,0,256.7318148612976,5.569276705040629,16.421139212676714,0,0.2160992859110039,78.39007140889962,0.22526017663080897,True,True,True
3,AudioGainBenchmarks,"{""Length"":1600,""Profile"":""Low""}",Scalar,CopyOnly,1188.0271319685312,23.59098755301101,51.782793439397615,0,62.13096322551851,1.2987197388645835,2.957842265162064,0,0.0522975962026802,94.77024037973199,0.054472444254314294,True,True,True
3,AudioGainBenchmarks,"{""Length"":1600,""Profile"":""Speech""}",Scalar,Tensor,1192.4918899536133,23.714011180103046,59.92833670305387,0,256.5597915649414,5.7312201880874865,16.898633260923827,0,0.21514594248093488,78.48540575190651,0.2244147639312538,True,True,True
3,AudioGainBenchmarks,"{""Length"":1600,""Profile"":""Speech""}",Scalar,CopyOnly,1192.4918899536133,23.714011180103046,59.92833670305387,0,67.27878588896532,1.3830927305281224,1.8931931006494203,0,0.056418652785623885,94.35813472143761,0.0587467301242437,True,True,True
3,AudioGainBenchmarks,"{""Length"":4096,""Profile"":""Clipped""}",Scalar,Tensor,3849.0009784698486,76.07183137992293,74.7127101714464,0,663.7819579153349,13.286334759195848,21.073536584031203,0,0.17245564800537364,82.75443519946263,0.17945428240992972,True,True,True
3,AudioGainBenchmarks,"{""Length"":4096,""Profile"":""Clipped""}",Scalar,CopyOnly,3849.0009784698486,76.07183137992293,74.7127101714464,0,235.12598742609438,4.756314287687583,6.015215185466437,0,0.06108753641303764,93.89124635869624,0.06357985860900783,True,True,True
3,AudioGainBenchmarks,"{""Length"":4096,""Profile"":""Low""}",Scalar,Tensor,3428.1509187486436,66.72401761800191,71.39395136090582,0,653.2417281729277,13.119672019541982,29.613288334452022,0,0.19055220836408696,80.9447791635913,0.19823765912277727,True,True,True
3,AudioGainBenchmarks,"{""Length"":4096,""Profile"":""Low""}",Scalar,CopyOnly,3428.1509187486436,66.72401761800191,71.39395136090582,0,549.7115185386256,10.608548479374269,11.791373528777118,0,0.1603521932282034,83.96478067717966,0.1666911354905656,True,True,True
3,AudioGainBenchmarks,"{""Length"":4096,""Profile"":""Speech""}",Scalar,Tensor,3176.489044189453,60.97246856511553,81.39650112331647,0,656.6369102114722,12.8050440066902,29.421720239399693,0,0.20671782621527243,79.32821737847276,0.21487350106105882,True,True,True
3,AudioGainBenchmarks,"{""Length"":4096,""Profile"":""Speech""}",Scalar,CopyOnly,3176.489044189453,60.97246856511553,81.39650112331647,0,230.36362012227377,4.0369352972522226,3.776151783476213,0,0.07252145904411762,92.74785409558824,0.07523649761759107,True,True,True
3,AudioRmsBenchmarks,"{""Length"":480,""Profile"":""Clipped""}",Scalar,Meter,431.29423686436246,6.923471196653678,6.137476882404548,0,25.38264197172578,0.587081187574708,1.7032291010128622,0,0.058852263262929604,94.11477367370705,0.06119583453973199,True,True,True
3,AudioRmsBenchmarks,"{""Length"":480,""Profile"":""Silence""}",Scalar,Meter,474.45958865586147,10.178758941600542,28.875447021767993,0,27.3393950900253,0.9484930581631571,2.7667989716745125,0,0.057622178460925384,94.23778215390746,0.06092840009267254,True,True,True
3,AudioRmsBenchmarks,"{""Length"":480,""Profile"":""Speech""}",Scalar,Meter,456.7424196592519,8.230648261605461,20.18992193367778,0,31.994400670131046,1.8801692302360888,5.42471851706657,0,0.07004911147512892,92.9950888524871,0.07552660166489644,True,True,True
3,AudioRmsBenchmarks,"{""Length"":512,""Profile"":""Clipped""}",Scalar,Meter,477.9060363769531,7.697503704607824,6.823636539729951,0,29.720038112841156,1.3522337918960112,3.879812516601987,0,0.06218803666543182,93.78119633345682,0.06608189717048205,True,True,True
3,AudioRmsBenchmarks,"{""Length"":512,""Profile"":""Silence""}",Scalar,Meter,538.220410823822,27.60991108730372,81.40845169425518,0,31.73124436289072,1.7360196059103628,5.00881386139376,0,0.0589558547479119,94.10441452520881,0.0655436266705652,True,True,True
3,AudioRmsBenchmarks,"{""Length"":512,""Profile"":""Speech""}",Scalar,Meter,533.4341196669745,23.224101133954246,67.37733337977733,0,30.64316475391388,1.4871454260584416,4.384882160496448,0,0.05744507826579326,94.25549217342068,0.06297467515897648,True,True,True
3,AudioRmsBenchmarks,"{""Length"":960,""Profile"":""Clipped""}",Scalar,Meter,947.9089373633975,18.910818478243332,34.57950362961458,0,62.61468090192236,3.9846026301688355,11.686150602843316,0,0.06605558660105547,93.39444133989446,0.07168936317332243,True,True,True
3,AudioRmsBenchmarks,"{""Length"":960,""Profile"":""Silence""}",Scalar,Meter,887.4622705506115,17.746251980064894,47.06054619327833,0,48.757090584024205,1.0050018845064392,2.5762042295404126,0,0.05493990246342942,94.50600975365705,0.057216483778600453,True,True,True
3,AudioRmsBenchmarks,"{""Length"":960,""Profile"":""Speech""}",Scalar,Meter,872.8665845147494,17.320516021029484,25.3881898965637,0,52.516840185437886,1.0767707597679654,2.7601753074542645,0,0.06016594187144126,93.98340581285586,0.06264257755232645,True,True,True
3,AudioRmsBenchmarks,"{""Length"":1600,""Profile"":""Clipped""}",Scalar,Meter,1457.7316365343459,28.776900125514857,56.12713790159751,0,81.31348974564496,2.486596832072355,6.722659620749462,0,0.05578083627173109,94.42191637282689,0.058644325423714255,True,True,True
3,AudioRmsBenchmarks,"{""Length"":1600,""Profile"":""Silence""}",Scalar,Meter,1479.0068597504587,28.794913090931846,45.67178725011128,0,76.14305694897969,1.5504034938746207,3.9180677575317584,0,0.051482558344473614,94.85174416555265,0.053573865959259524,True,True,True
3,AudioRmsBenchmarks,"{""Length"":1600,""Profile"":""Speech""}",Scalar,Meter,1492.9258346557617,29.684154727484223,55.02148843374029,0,83.14515906710957,2.3192250232978937,6.309623182858676,0,0.05569275923628259,94.43072407637175,0.05840756538222489,True,True,True
3,AudioRmsBenchmarks,"{""Length"":4096,""Profile"":""Clipped""}",Scalar,Meter,3849.11496480306,76.87982289285065,171.95275345551752,0,230.35279070393423,4.644181067748444,12.86900480181577,0,0.059845650964005494,94.01543490359944,0.0622964801851359,True,True,True
3,AudioRmsBenchmarks,"{""Length"":4096,""Profile"":""Silence""}",Scalar,Meter,3820.478500366211,75.61843927377515,100.9484530008485,0,226.75966482896072,4.538660797747942,11.715733687183118,0,0.059353734043320686,94.06462659566793,0.06176421063895115,True,True,True
3,AudioRmsBenchmarks,"{""Length"":4096,""Profile"":""Speech""}",Scalar,Meter,3845.6261685020045,70.53428322764212,121.66818265523081,0,235.28666094125035,4.740122734319087,12.652348064635444,0,0.061182925909020976,93.8817074090979,0.06358170634517549,True,True,True
3,AudioStageBenchmarks,"{""Scenario"":""Fixed""}",Scalar,Meter,55724.84588623047,1062.3777312803843,1043.3969853221975,0,28254.966064453125,563.1236842046362,1137.5377009126146,0,0.5070443105780735,49.295568942192645,0.5272006684178251,True,True,True
3,AudioStageBenchmarks,"{""Scenario"":""Fixed""}",Scalar,MeterGain,55724.84588623047,1062.3777312803843,1043.3969853221975,0,8852.901034884982,172.29466933739974,184.35336602241642,0,0.15886811159530764,84.11318884046923,0.16510772398053683,True,True,True
3,AudioStageBenchmarks,"{""Scenario"":""Fixed""}",Meter,MeterGain,28254.966064453125,563.1236842046362,1137.5377009126146,0,8852.901034884982,172.29466933739974,184.35336602241642,0,0.31332194895192594,68.66780510480741,0.32591532120880845,True,True,True
3,AudioStageBenchmarks,"{""Scenario"":""Ordinary""}",Scalar,Meter,28328.042524288863,557.441885861408,976.314573537424,0,19502.79773530506,382.45306814979415,699.3371161305516,0,0.6884625973920748,31.153740260792517,0.7160540408311773,True,True,True
3,AudioStageBenchmarks,"{""Scenario"":""Ordinary""}",Scalar,MeterGain,28328.042524288863,557.441885861408,976.314573537424,0,12901.415935315585,254.8775171694839,439.6512290853704,0,0.45542913613793573,54.457086386206434,0.47374897013498873,True,True,True
3,AudioStageBenchmarks,"{""Scenario"":""Ordinary""}",Meter,MeterGain,19502.79773530506,382.45306814979415,699.3371161305516,0,12901.415935315585,254.8775171694839,439.6512290853704,0,0.6615161634969283,33.84838365030717,0.688078258081028,True,True,True
3,AudioStageBenchmarks,"{""Scenario"":""Clipped""}",Scalar,Meter,28705.87637765067,566.8225397845885,674.7619724780543,0,19175.8955078125,380.71040275006004,508.2374956167205,0,0.6680128923965596,33.19871076034404,0.6949987026303522,True,True,True
3,AudioStageBenchmarks,"{""Scenario"":""Clipped""}",Scalar,MeterGain,28705.87637765067,566.8225397845885,674.7619724780543,0,12618.00987606957,235.80592928549848,280.71020963134555,0,0.4395619109505217,56.043808904947824,0.45679630450324454,True,True,True
3,AudioStageBenchmarks,"{""Scenario"":""Clipped""}",Meter,MeterGain,19175.8955078125,380.71040275006004,508.2374956167205,0,12618.00987606957,235.80592928549848,280.71020963134555,0,0.6580141131311877,34.19858868688122,0.6838887583976453,True,True,True
3,AudioStageBenchmarks,"{""Scenario"":""Fallback10""}",Scalar,Meter,28090.8504486084,551.4799412136535,980.2551126157052,0,18950.350697835285,371.22023640788325,732.7525859367271,0,0.6746093619523745,32.53906380476255,0.7015981330820553,True,True,True
3,AudioStageBenchmarks,"{""Scenario"":""Fallback10""}",Scalar,MeterGain,28090.8504486084,551.4799412136535,980.2551126157052,0,13005.114284781523,244.94767263183573,454.0262527369726,0,0.46296619992243015,53.703380007756984,0.4811316204143269,True,True,True
3,AudioStageBenchmarks,"{""Scenario"":""Fallback10""}",Meter,MeterGain,18950.350697835285,371.22023640788325,732.7525859367271,0,13005.114284781523,244.94767263183573,454.0262527369726,0,0.686273013737266,31.372698626273397,0.7131691111660012,True,True,True
3,AudioStageBenchmarks,"{""Scenario"":""Fallback50""}",Scalar,Meter,28379.853630065918,563.9294075038267,1113.1417177919243,0,19309.554617745536,386.16117612998664,771.2056532318974,0,0.6803965541699901,31.96034458300099,0.7080733912087633,True,True,True
3,AudioStageBenchmarks,"{""Scenario"":""Fallback50""}",Scalar,MeterGain,28379.853630065918,563.9294075038267,1113.1417177919243,0,13215.409000103291,246.9382018895978,509.97024651935067,0,0.4656616335083119,53.43383664916881,0.48397986327102843,True,True,True
3,AudioStageBenchmarks,"{""Scenario"":""Fallback50""}",Meter,MeterGain,19309.554617745536,386.16117612998664,771.2056532318974,0,13215.409000103291,246.9382018895978,509.97024651935067,0,0.6843974012719223,31.560259872807773,0.711412952625455,True,True,True
3,AudioStageBenchmarks,"{""Scenario"":""Fallback100""}",Scalar,Meter,28222.125509510868,543.3095785043937,1046.7731871282174,0,19337.942684397978,384.0251796434526,920.0998711785177,0,0.6852050416217264,31.479495837827365,0.7125293189275633,True,True,True
3,AudioStageBenchmarks,"{""Scenario"":""Fallback100""}",Scalar,MeterGain,28222.125509510868,543.3095785043937,1046.7731871282174,0,12877.715719899823,256.41575650765157,391.57397406797287,0,0.4562985773541411,54.370142264585894,0.4745192680621249,True,True,True
3,AudioStageBenchmarks,"{""Scenario"":""Fallback100""}",Meter,MeterGain,19337.942684397978,384.0251796434526,920.0998711785177,0,12877.715719899823,256.41575650765157,391.57397406797287,0,0.6659299766303308,33.40700233696692,0.6929507566503242,True,True,True
