Run,Group,Method,Parameters,MeanNs,ErrorNs99_9,StandardDeviationNs,N,AllocatedBytes,RelativeError,PrecisionTargetMet
1,AudioGainBenchmarks,Scalar,"{""Length"":480,""Profile"":""Clipped""}",431.7760887145996,24.77557064573601,73.05133434632779,100,0,0.057380599095918104,False
1,AudioGainBenchmarks,Tensor,"{""Length"":480,""Profile"":""Clipped""}",92.65824043750763,6.15756560245855,18.155722425794565,100,0,0.06645459241816118,False
1,AudioGainBenchmarks,CopyOnly,"{""Length"":480,""Profile"":""Clipped""}",21.12478858232498,1.7314633277147449,5.105259058203122,100,0,0.08196358136163562,False
1,AudioGainBenchmarks,Scalar,"{""Length"":480,""Profile"":""Low""}",567.3501296919219,46.59441939509087,135.91811828097994,98,0,0.08212639242788612,False
1,AudioGainBenchmarks,Tensor,"{""Length"":480,""Profile"":""Low""}",113.520467877388,6.966010023327301,20.539439214149173,100,0,0.06136347174723768,False
1,AudioGainBenchmarks,CopyOnly,"{""Length"":480,""Profile"":""Low""}",25.68001810993467,2.226394804213654,6.494498617384917,98,0,0.08669755584605067,False
1,AudioGainBenchmarks,Scalar,"{""Length"":480,""Profile"":""Speech""}",517.0258376063133,28.133135825227345,82.06568366663662,98,0,0.05441340408726184,False
1,AudioGainBenchmarks,Tensor,"{""Length"":480,""Profile"":""Speech""}",88.43045433362325,4.681161366591899,13.506221854050374,96,0,0.05293607730354063,False
1,AudioGainBenchmarks,CopyOnly,"{""Length"":480,""Profile"":""Speech""}",24.321952586372692,1.6752079922445535,4.833358438870867,96,0,0.0688763776796092,False
1,AudioGainBenchmarks,Scalar,"{""Length"":512,""Profile"":""Clipped""}",398.79432678222656,17.60310356121139,50.50660761262879,95,0,0.044140807376189396,False
1,AudioGainBenchmarks,Tensor,"{""Length"":512,""Profile"":""Clipped""}",79.72354453097108,3.2185707473841334,9.13055016187356,93,0,0.040371646372719665,False
1,AudioGainBenchmarks,CopyOnly,"{""Length"":512,""Profile"":""Clipped""}",22.901061283690588,0.5112241486944128,0.7331824588135392,28,0,0.02232316408229039,False
1,AudioGainBenchmarks,Scalar,"{""Length"":512,""Profile"":""Low""}",525.7575674057007,33.20240886076433,97.89805875605968,100,0,0.06315155676141453,False
1,AudioGainBenchmarks,Tensor,"{""Length"":512,""Profile"":""Low""}",82.05140929473073,5.317541940366966,15.257025746165002,95,0,0.06480744189616806,False
1,AudioGainBenchmarks,CopyOnly,"{""Length"":512,""Profile"":""Low""}",24.663968443870544,2.170153932315743,6.398748297645347,100,0,0.08798883834345265,False
1,AudioGainBenchmarks,Scalar,"{""Length"":512,""Profile"":""Speech""}",461.89626598358154,28.415683580165716,83.78429024202507,100,0,0.061519621769741205,False
1,AudioGainBenchmarks,Tensor,"{""Length"":512,""Profile"":""Speech""}",88.38375508785248,4.689878822440042,13.53137370921353,96,0,0.05306267897056822,False
1,AudioGainBenchmarks,CopyOnly,"{""Length"":512,""Profile"":""Speech""}",26.714618384838104,2.1097171311889693,6.2205490129925725,100,0,0.07897238511130447,False
1,AudioGainBenchmarks,Scalar,"{""Length"":960,""Profile"":""Clipped""}",1184.925687789917,77.14752983227417,227.4712488505565,100,0,0.0651074836398957,False
1,AudioGainBenchmarks,Tensor,"{""Length"":960,""Profile"":""Clipped""}",194.9170301357905,13.194087845118835,38.067962978115375,96,0,0.0676907904657026,False
1,AudioGainBenchmarks,CopyOnly,"{""Length"":960,""Profile"":""Clipped""}",41.64711820451837,1.1699883610459767,3.356916174310416,95,0,0.028092900817301748,False
1,AudioGainBenchmarks,Scalar,"{""Length"":960,""Profile"":""Low""}",739.3770433727063,21.417023733846246,61.44946032921543,95,0,0.028966308767379892,False
1,AudioGainBenchmarks,Tensor,"{""Length"":960,""Profile"":""Low""}",156.7472562789917,5.09211906395084,15.014229040008125,100,0,0.032486176695096125,False
1,AudioGainBenchmarks,CopyOnly,"{""Length"":960,""Profile"":""Low""}",42.346058246937204,1.3641678095788972,3.892047805073081,94,0,0.03221475306211209,False
1,AudioGainBenchmarks,Scalar,"{""Length"":960,""Profile"":""Speech""}",692.6343780093723,13.911402139100158,38.77943159376983,90,0,0.020084769946131547,False
1,AudioGainBenchmarks,Tensor,"{""Length"":960,""Profile"":""Speech""}",195.53608012199402,25.68553235526032,75.73437717247786,100,0,0.13135955440671226,False
1,AudioGainBenchmarks,CopyOnly,"{""Length"":960,""Profile"":""Speech""}",40.25988292694092,0.884382315461743,2.6076214001510474,100,0,0.02196683773439232,False
1,AudioGainBenchmarks,Scalar,"{""Length"":1600,""Profile"":""Clipped""}",1354.12154006958,29.139582928170135,85.91872395740998,100,0,0.021519178349879015,False
1,AudioGainBenchmarks,Tensor,"{""Length"":1600,""Profile"":""Clipped""}",249.27401638031006,5.610880633628438,16.543809343704023,100,0,0.022508886867165817,False
1,AudioGainBenchmarks,CopyOnly,"{""Length"":1600,""Profile"":""Clipped""}",61.96907198429108,1.542020726928992,4.546683234973004,100,0,0.024883715013836072,False
1,AudioGainBenchmarks,Scalar,"{""Length"":1600,""Profile"":""Low""}",1166.9449180063575,26.510434246417123,77.75052016599169,99,0,0.0227178111300303,False
1,AudioGainBenchmarks,Tensor,"{""Length"":1600,""Profile"":""Low""}",254.86052663702714,8.771073943594896,25.1658571722914,95,0,0.03441519194569772,False
1,AudioGainBenchmarks,CopyOnly,"{""Length"":1600,""Profile"":""Low""}",61.21110284328461,1.5380457301081172,4.534962866310687,100,0,0.025126907679573922,False
1,AudioGainBenchmarks,Scalar,"{""Length"":1600,""Profile"":""Speech""}",1175.9047130743663,33.2712776736414,95.9952504169014,96,0,0.028294195357593796,False
1,AudioGainBenchmarks,Tensor,"{""Length"":1600,""Profile"":""Speech""}",246.86311021143075,5.680030998879198,16.568918234586576,98,0,0.023008828633870913,False
1,AudioGainBenchmarks,CopyOnly,"{""Length"":1600,""Profile"":""Speech""}",57.99555313587189,1.3800811278428287,4.06920063867246,100,0,0.0237963266702462,False
1,AudioGainBenchmarks,Scalar,"{""Length"":4096,""Profile"":""Clipped""}",3515.1970298922793,94.96244174312646,277.00992000026525,98,0,0.02701482760015774,False
1,AudioGainBenchmarks,Tensor,"{""Length"":4096,""Profile"":""Clipped""}",625.7549044960424,15.030323486276028,43.12481875553887,95,0,0.024019505685506117,False
1,AudioGainBenchmarks,CopyOnly,"{""Length"":4096,""Profile"":""Clipped""}",205.09237874121894,4.1276094562898145,11.088555579112047,84,0,0.020125611110581254,False
1,AudioGainBenchmarks,Scalar,"{""Length"":4096,""Profile"":""Low""}",2993.8849687576294,82.10801176998847,236.90040485996403,96,0,0.027425239321756834,False
1,AudioGainBenchmarks,Tensor,"{""Length"":4096,""Profile"":""Low""}",644.4319543838501,16.135794537339716,47.576757708049804,100,0,0.025038787148237183,False
1,AudioGainBenchmarks,CopyOnly,"{""Length"":4096,""Profile"":""Low""}",214.16647007590845,6.090663454271635,17.475256457805347,95,0,0.02843892161136559,False
1,AudioGainBenchmarks,Scalar,"{""Length"":4096,""Profile"":""Speech""}",3613.3234790919983,225.39270763741638,653.9051615502152,97,0,0.062378225736394885,False
1,AudioGainBenchmarks,Tensor,"{""Length"":4096,""Profile"":""Speech""}",670.1067616862636,21.691360059424678,61.53478256235455,93,0,0.03237000624324446,False
1,AudioGainBenchmarks,CopyOnly,"{""Length"":4096,""Profile"":""Speech""}",206.56449072288746,4.1715598490889585,12.234463802269362,99,0,0.020194951390194324,False
1,AudioRmsBenchmarks,Scalar,"{""Length"":480,""Profile"":""Clipped""}",371.98627652793095,7.432398435964286,10.89431415611882,29,0,0.019980302782503904,True
1,AudioRmsBenchmarks,Meter,"{""Length"":480,""Profile"":""Clipped""}",23.611559259771095,0.6197475038453795,1.8176122785338933,99,0,0.026247631383721996,False
1,AudioRmsBenchmarks,Scalar,"{""Length"":480,""Profile"":""Silence""}",400.7753683596241,12.19151433491791,35.56322213926373,98,0,0.03041981942357847,False
1,AudioRmsBenchmarks,Meter,"{""Length"":480,""Profile"":""Silence""}",22.29369929432869,0.49394625825724353,1.456411792770456,100,0,0.02215631653302594,False
1,AudioRmsBenchmarks,Scalar,"{""Length"":480,""Profile"":""Speech""}",377.71929800510406,7.566956027639507,11.780839858473355,32,0,0.020033278859734764,False
1,AudioRmsBenchmarks,Meter,"{""Length"":480,""Profile"":""Speech""}",23.86713580350683,0.5888722139998479,1.7270603915503646,99,0,0.02467293180245466,False
1,AudioRmsBenchmarks,Scalar,"{""Length"":512,""Profile"":""Clipped""}",440.15243199406837,19.431000507706937,56.68114464374135,98,0,0.044146070986536765,False
1,AudioRmsBenchmarks,Meter,"{""Length"":512,""Profile"":""Clipped""}",24.410440235198298,0.6672979847599715,1.73439631307898,79,0,0.027336581328745165,False
1,AudioRmsBenchmarks,Scalar,"{""Length"":512,""Profile"":""Silence""}",652.8799085617065,37.58492252834139,110.82000012263006,100,0,0.05756789577296216,False
1,AudioRmsBenchmarks,Meter,"{""Length"":512,""Profile"":""Silence""}",49.02172255516052,3.7669908296176935,11.107058259475982,100,0,0.07684329789470325,False
1,AudioRmsBenchmarks,Scalar,"{""Length"":512,""Profile"":""Speech""}",764.8917331695557,35.567753805813716,104.87233220049141,100,0,0.04650037680290802,False
1,AudioRmsBenchmarks,Meter,"{""Length"":512,""Profile"":""Speech""}",34.06097908382831,2.7646112558425195,7.797635665793524,92,0,0.0811665234002366,False
1,AudioRmsBenchmarks,Scalar,"{""Length"":960,""Profile"":""Clipped""}",1415.9453716278076,116.94000571552432,344.8002703201702,100,0,0.08258793598872183,False
1,AudioRmsBenchmarks,Meter,"{""Length"":960,""Profile"":""Clipped""}",71.53282910585403,6.334665037903605,18.67790414488523,100,0,0.08855605345245872,False
1,AudioRmsBenchmarks,Scalar,"{""Length"":960,""Profile"":""Silence""}",987.5896588720457,63.69876976399086,186.81747862177613,99,0,0.0644992271757311,False
1,AudioRmsBenchmarks,Meter,"{""Length"":960,""Profile"":""Silence""}",54.74540417393049,3.645096584802894,10.516937849043218,96,0,0.06658269565829002,False
1,AudioRmsBenchmarks,Scalar,"{""Length"":960,""Profile"":""Speech""}",1184.3147420883179,72.0202476770247,212.35334063496703,100,0,0.06081174633529465,False
1,AudioRmsBenchmarks,Meter,"{""Length"":960,""Profile"":""Speech""}",53.11317854457431,3.0959052618397274,8.630147063671293,90,0,0.0582888342719226,False
1,AudioRmsBenchmarks,Scalar,"{""Length"":1600,""Profile"":""Clipped""}",1871.0170440673828,111.29987120545572,328.1702052554854,100,0,0.05948629466437258,False
1,AudioRmsBenchmarks,Meter,"{""Length"":1600,""Profile"":""Clipped""}",81.18377858465844,2.9273606329109545,8.208633661095272,91,0,0.03605844275723509,False
1,AudioRmsBenchmarks,Scalar,"{""Length"":1600,""Profile"":""Silence""}",1800.0027523040771,101.02315319464357,297.86906813435235,100,0,0.05612388818035406,False
1,AudioRmsBenchmarks,Meter,"{""Length"":1600,""Profile"":""Silence""}",90.09492866536404,6.447139315003728,18.394052581922757,94,0,0.07155940307084406,False
1,AudioRmsBenchmarks,Scalar,"{""Length"":1600,""Profile"":""Speech""}",1941.1320533752441,132.7358764434317,391.37475493388087,100,0,0.06838065252316569,False
1,AudioRmsBenchmarks,Meter,"{""Length"":1600,""Profile"":""Speech""}",92.27255928516388,4.086246644542951,12.048391301269234,100,0,0.04428452701647305,False
1,AudioRmsBenchmarks,Scalar,"{""Length"":4096,""Profile"":""Clipped""}",4784.866996765137,265.09615806537687,781.6420599819248,100,0,0.0554030359139759,False
1,AudioRmsBenchmarks,Meter,"{""Length"":4096,""Profile"":""Clipped""}",252.54290374283937,15.633618520987081,45.35596538032554,97,0,0.06190480227037604,False
1,AudioRmsBenchmarks,Scalar,"{""Length"":4096,""Profile"":""Silence""}",3860.979739479397,88.35667697753804,249.21159322310675,92,0,0.02288452230765961,False
1,AudioRmsBenchmarks,Meter,"{""Length"":4096,""Profile"":""Silence""}",223.12831445173785,5.4425752871306505,15.962132331882492,99,0,0.024392131946606298,False
1,AudioRmsBenchmarks,Scalar,"{""Length"":4096,""Profile"":""Speech""}",3618.0091705322266,72.30218558897438,182.7168625938009,75,0,0.019983969686383735,True
1,AudioRmsBenchmarks,Meter,"{""Length"":4096,""Profile"":""Speech""}",228.2240538597107,5.033614420699138,14.841726766857528,100,0,0.022055582378679946,False
1,AudioStageBenchmarks,Scalar,"{""Scenario"":""Clipped""}",27257.234943446827,540.6734036633242,1284.9676432144147,67,0,0.019835959325482228,True
1,AudioStageBenchmarks,Meter,"{""Scenario"":""Clipped""}",18979.61580164292,378.01713659806904,1021.9913849247702,85,0,0.01991700677973402,True
1,AudioStageBenchmarks,MeterGain,"{""Scenario"":""Clipped""}",12126.160551372328,241.86235092489835,525.7888854282869,57,0,0.019945501290392083,True
1,AudioStageBenchmarks,Scalar,"{""Scenario"":""Fallback10""}",28113.658405172413,933.0899150622383,2554.3187716634143,87,0,0.033189914368831,False
1,AudioStageBenchmarks,Meter,"{""Scenario"":""Fallback10""}",18035.24537927964,351.6428774083341,567.8377462033255,34,0,0.0194975377386509,True
1,AudioStageBenchmarks,MeterGain,"{""Scenario"":""Fallback10""}",12521.9655423551,249.83900130755373,626.7972509378885,74,0,0.01995205947999795,True
1,AudioStageBenchmarks,Scalar,"{""Scenario"":""Fallback100""}",27122.6508585612,549.360493652311,1531.3975881720457,90,0,0.02025467556682081,False
1,AudioStageBenchmarks,Meter,"{""Scenario"":""Fallback100""}",18193.375297214672,362.34997118920774,875.1159716301696,69,0,0.01991658860819971,True
1,AudioStageBenchmarks,MeterGain,"{""Scenario"":""Fallback100""}",12298.183419969348,243.22014101868976,601.1799721603943,72,0,0.01977691604629653,True
1,AudioStageBenchmarks,Scalar,"{""Scenario"":""Fallback50""}",27226.582213653914,542.470789005726,1485.0051394500013,87,0,0.019924307235804326,True
1,AudioStageBenchmarks,Meter,"{""Scenario"":""Fallback50""}",18558.417426215277,369.513411603422,1030.0557718750777,90,0,0.019910825536311853,True
1,AudioStageBenchmarks,MeterGain,"{""Scenario"":""Fallback50""}",12684.427788552273,252.77579848468554,700.440598036225,89,0,0.01992804111454017,True
1,AudioStageBenchmarks,Scalar,"{""Scenario"":""Fixed""}",56291.75991482205,1119.7080501942537,1870.780763684036,36,0,0.019891153729933858,True
1,AudioStageBenchmarks,Meter,"{""Scenario"":""Fixed""}",27748.566495455227,548.7203513113865,1133.2027636354157,52,0,0.01977472787292483,True
1,AudioStageBenchmarks,MeterGain,"{""Scenario"":""Fixed""}",8601.947040557861,170.32639834644633,445.7145301722368,80,0,0.019800912228750498,True
1,AudioStageBenchmarks,Scalar,"{""Scenario"":""Ordinary""}",29626.162017822266,699.2543661057308,2061.7674249335846,100,0,0.023602597112818025,False
1,AudioStageBenchmarks,Meter,"{""Scenario"":""Ordinary""}",21779.25193385074,670.4966355494913,1923.7806764885881,95,0,0.03078602688402541,False
1,AudioStageBenchmarks,MeterGain,"{""Scenario"":""Ordinary""}",15539.108683268229,262.2960851197563,245.35192087373034,15,0,0.016879738115364636,True
2,AudioGainBenchmarks,Scalar,"{""Length"":480,""Profile"":""Clipped""}",371.9579701728009,11.073729560749443,31.593975849783522,94,0,0.029771453897344664,False
2,AudioGainBenchmarks,Tensor,"{""Length"":480,""Profile"":""Clipped""}",79.29059267044067,1.5824865099437622,2.2695550540069864,28,0,0.0199580613115244,True
2,AudioGainBenchmarks,CopyOnly,"{""Length"":480,""Profile"":""Clipped""}",18.0222335315886,0.41065787066356707,0.4888590261916756,21,0,0.022786180744122725,False
2,AudioGainBenchmarks,Scalar,"{""Length"":480,""Profile"":""Low""}",411.6162300109863,8.191306401799963,17.278246667187563,54,0,0.01990034844248326,True
2,AudioGainBenchmarks,Tensor,"{""Length"":480,""Profile"":""Low""}",78.35615944862366,1.6944460686196527,4.996112826642736,100,0,0.021624924964969247,False
2,AudioGainBenchmarks,CopyOnly,"{""Length"":480,""Profile"":""Low""}",20.277711391448975,0.4602566352435726,0.9297411729791332,50,0,0.022697661800121133,False
2,AudioGainBenchmarks,Scalar,"{""Length"":480,""Profile"":""Speech""}",414.9119218190511,8.290377314297848,19.048521964695993,63,0,0.019981053516012003,True
2,AudioGainBenchmarks,Tensor,"{""Length"":480,""Profile"":""Speech""}",73.80089235305786,1.5749317681451602,4.643722189592678,100,0,0.02134028082764645,False
2,AudioGainBenchmarks,CopyOnly,"{""Length"":480,""Profile"":""Speech""}",17.99281064201804,0.413736982047709,0.845155079931705,51,0,0.022994572125464498,False
2,AudioGainBenchmarks,Scalar,"{""Length"":512,""Profile"":""Clipped""}",393.89984733179995,7.874581282937586,13.583266888440452,38,0,0.019991328598572583,True
2,AudioGainBenchmarks,Tensor,"{""Length"":512,""Profile"":""Clipped""}",73.51292239295111,1.5124064150378875,3.73829421642269,72,0,0.020573340928463846,False
2,AudioGainBenchmarks,CopyOnly,"{""Length"":512,""Profile"":""Clipped""}",19.821502992085048,0.3970416789074299,0.6523509168481442,35,0,0.020030856341518258,False
2,AudioGainBenchmarks,Scalar,"{""Length"":512,""Profile"":""Low""}",435.82062794612006,8.740486850908066,20.43060775355106,65,0,0.020055238991552832,False
2,AudioGainBenchmarks,Tensor,"{""Length"":512,""Profile"":""Low""}",81.95475780963898,1.7449780452242023,5.145107510595861,100,0,0.02129196756675632,False
2,AudioGainBenchmarks,CopyOnly,"{""Length"":512,""Profile"":""Low""}",20.450868732050846,0.4601348799327297,0.7937101230194145,38,0,0.022499527328714443,False
2,AudioGainBenchmarks,Scalar,"{""Length"":512,""Profile"":""Speech""}",432.6027496188295,8.706721565121148,17.785526263312217,51,0,0.020126366678882013,False
2,AudioGainBenchmarks,Tensor,"{""Length"":512,""Profile"":""Speech""}",72.66658246517181,1.8775397537676055,5.535968727509597,100,0,0.025837732972614845,False
2,AudioGainBenchmarks,CopyOnly,"{""Length"":512,""Profile"":""Speech""}",19.58434859911601,0.3732954071881804,0.3491807556530811,15,0,0.019060904951672994,True
2,AudioGainBenchmarks,Scalar,"{""Length"":960,""Profile"":""Clipped""}",884.0471787886186,17.605179036580182,27.923681829483467,33,0,0.01991429808158428,True
2,AudioGainBenchmarks,Tensor,"{""Length"":960,""Profile"":""Clipped""}",148.94790757786143,3.0260867422547673,5.683724857023476,44,0,0.020316409887617272,False
2,AudioGainBenchmarks,CopyOnly,"{""Length"":960,""Profile"":""Clipped""}",44.69755863149961,0.9381430593732673,1.219851074012659,24,0,0.020988686811904123,False
2,AudioGainBenchmarks,Scalar,"{""Length"":960,""Profile"":""Low""}",713.7491206733548,13.71186916428516,27.384086411403725,49,0,0.019211048766475967,True
2,AudioGainBenchmarks,Tensor,"{""Length"":960,""Profile"":""Low""}",153.0357607773372,3.0076736922810707,8.079920654768003,84,0,0.019653404387338935,True
2,AudioGainBenchmarks,CopyOnly,"{""Length"":960,""Profile"":""Low""}",43.24553542666965,0.906273818975889,1.514180081920842,36,0,0.02095647122955928,False
2,AudioGainBenchmarks,Scalar,"{""Length"":960,""Profile"":""Speech""}",719.9315968681784,14.2755254797995,29.16111781507555,51,0,0.019829002563438523,True
2,AudioGainBenchmarks,Tensor,"{""Length"":960,""Profile"":""Speech""}",154.61232471466064,3.4440934458826318,10.15498796910533,100,0,0.022275672086547807,False
2,AudioGainBenchmarks,CopyOnly,"{""Length"":960,""Profile"":""Speech""}",45.57897843876663,0.957082439115429,1.9113971918459662,49,0,0.020998330192968838,False
2,AudioGainBenchmarks,Scalar,"{""Length"":1600,""Profile"":""Clipped""}",1436.0847274462383,28.457674393745936,56.17267717822049,48,0,0.01981615280064406,True
2,AudioGainBenchmarks,Tensor,"{""Length"":1600,""Profile"":""Clipped""}",247.05614172002322,5.004757636811942,14.197665435215432,93,0,0.020257572234264033,False
2,AudioGainBenchmarks,CopyOnly,"{""Length"":1600,""Profile"":""Clipped""}",63.76966890834627,1.3087963168145311,2.393208260117483,42,0,0.020523806054185644,False
2,AudioGainBenchmarks,Scalar,"{""Length"":1600,""Profile"":""Low""}",1202.281119331481,24.078471654178987,55.32429692794801,63,0,0.020027322451480926,False
2,AudioGainBenchmarks,Tensor,"{""Length"":1600,""Profile"":""Low""}",258.33348083496094,5.268309848953121,15.53373158257252,100,0,0.020393445835690326,False
2,AudioGainBenchmarks,CopyOnly,"{""Length"":1600,""Profile"":""Low""}",64.36981856822968,1.3195327853962897,1.715765489472262,24,0,0.02049924661505194,False
2,AudioGainBenchmarks,Scalar,"{""Length"":1600,""Profile"":""Speech""}",1192.5907979246047,23.835288637377204,53.80022258957207,61,0,0.019986141666409257,True
2,AudioGainBenchmarks,Tensor,"{""Length"":1600,""Profile"":""Speech""}",261.3718361854553,5.313870918762842,15.668069434621918,100,0,0.02033069437134155,False
2,AudioGainBenchmarks,CopyOnly,"{""Length"":1600,""Profile"":""Speech""}",64.11567112756154,1.3277379458438678,3.0506989568675995,63,0,0.020708477701220075,False
2,AudioGainBenchmarks,Scalar,"{""Length"":4096,""Profile"":""Clipped""}",3774.2183783115483,74.67167376823735,130.78142346211777,39,0,0.019784672290648644,True
2,AudioGainBenchmarks,Tensor,"{""Length"":4096,""Profile"":""Clipped""}",640.2303195390544,12.818950526329195,28.934509758767163,61,0,0.020022404648937016,False
2,AudioGainBenchmarks,CopyOnly,"{""Length"":4096,""Profile"":""Clipped""}",526.9427559592507,9.937617431195111,12.204287727973892,22,0,0.0188590075844284,True
2,AudioGainBenchmarks,Scalar,"{""Length"":4096,""Profile"":""Low""}",3092.5209999084473,61.53253949812791,95.79875861109815,32,0,0.019897209913837144,True
2,AudioGainBenchmarks,Tensor,"{""Length"":4096,""Profile"":""Low""}",674.4931264357133,15.130288484633038,44.374520198616565,99,0,0.022432086987435183,False
2,AudioGainBenchmarks,CopyOnly,"{""Length"":4096,""Profile"":""Low""}",258.4415290666663,5.146280316758297,9.915135793956429,46,0,0.01991274519750573,True
2,AudioGainBenchmarks,Scalar,"{""Length"":4096,""Profile"":""Speech""}",3659.0078506469727,145.39232276435843,428.6925751789411,100,0,0.0397354497992265,False
2,AudioGainBenchmarks,Tensor,"{""Length"":4096,""Profile"":""Speech""}",1113.0211009535678,21.996029877515355,40.77105494849601,43,0,0.01976245540957895,True
2,AudioGainBenchmarks,CopyOnly,"{""Length"":4096,""Profile"":""Speech""}",245.2850560347239,6.862769119001172,19.80065949357313,96,0,0.027978749418919514,False
2,AudioRmsBenchmarks,Scalar,"{""Length"":480,""Profile"":""Clipped""}",414.44934606552124,8.00921429227931,11.486576764760843,28,0,0.019324953382875203,True
2,AudioRmsBenchmarks,Meter,"{""Length"":480,""Profile"":""Clipped""}",23.913685353689417,0.5052596625434151,1.3745962759637746,86,0,0.02112847330181433,False
2,AudioRmsBenchmarks,Scalar,"{""Length"":480,""Profile"":""Silence""}",416.64317893981934,8.3333678797783,11.124807703381505,25,0,0.02000121039058697,False
2,AudioRmsBenchmarks,Meter,"{""Length"":480,""Profile"":""Silence""}",24.69319087086302,0.670261861798546,1.9657621568121262,99,0,0.027143590526788833,False
2,AudioRmsBenchmarks,Scalar,"{""Length"":480,""Profile"":""Speech""}",417.035444577535,8.12107175925619,6.3403986496766445,12,0,0.01947333701451442,True
2,AudioRmsBenchmarks,Meter,"{""Length"":480,""Profile"":""Speech""}",24.183103621006012,0.6237598279502292,1.8391700596911293,100,0,0.02579320825505692,False
2,AudioRmsBenchmarks,Scalar,"{""Length"":512,""Profile"":""Clipped""}",447.7112107806736,8.45691028800709,14.129598411175627,36,0,0.018889208231486508,True
2,AudioRmsBenchmarks,Meter,"{""Length"":512,""Profile"":""Clipped""}",26.431196234947027,0.5526286557294964,1.5034671248694023,86,0,0.020908196920683336,False
2,AudioRmsBenchmarks,Scalar,"{""Length"":512,""Profile"":""Silence""}",444.0019192902938,8.763918837741082,11.083552197852201,23,0,0.01973847061686039,True
2,AudioRmsBenchmarks,Meter,"{""Length"":512,""Profile"":""Silence""}",24.803813833456772,0.5174298539064406,1.0685824555858434,52,0,0.02086089894806831,False
2,AudioRmsBenchmarks,Scalar,"{""Length"":512,""Profile"":""Speech""}",448.1361978194293,7.6796899668407566,7.8864761874547975,17,0,0.017136955247554424,True
2,AudioRmsBenchmarks,Meter,"{""Length"":512,""Profile"":""Speech""}",27.6351281106472,0.6252171498602543,1.8434670065353305,100,0,0.022624000415593225,False
2,AudioRmsBenchmarks,Scalar,"{""Length"":960,""Profile"":""Clipped""}",878.1680107116699,17.442084293901015,43.11251406363135,72,0,0.01986189895458148,True
2,AudioRmsBenchmarks,Meter,"{""Length"":960,""Profile"":""Clipped""}",49.7234486140214,1.0175568566199524,2.6083874251734027,77,0,0.02046432588613763,False
2,AudioRmsBenchmarks,Scalar,"{""Length"":960,""Profile"":""Silence""}",874.2983588465938,13.366374680507134,18.737792089570128,27,0,0.01528811594492816,True
2,AudioRmsBenchmarks,Meter,"{""Length"":960,""Profile"":""Silence""}",50.34544721468171,1.0384058693396268,2.4678815965140983,67,0,0.020625616153764296,False
2,AudioRmsBenchmarks,Scalar,"{""Length"":960,""Profile"":""Speech""}",873.1211344401041,17.481433471510478,16.352143723011146,15,0,0.0200217733622043,False
2,AudioRmsBenchmarks,Meter,"{""Length"":960,""Profile"":""Speech""}",52.644376053529626,1.0761492818079663,2.9094323733532512,85,0,0.020441866016489982,False
2,AudioRmsBenchmarks,Scalar,"{""Length"":1600,""Profile"":""Clipped""}",1471.1286221520375,29.03968674545779,64.34994475823784,59,0,0.019739733364018942,True
2,AudioRmsBenchmarks,Meter,"{""Length"":1600,""Profile"":""Clipped""}",82.18650433324999,2.5318421294998656,7.18241523326201,93,0,0.03080605690727212,False
2,AudioRmsBenchmarks,Scalar,"{""Length"":1600,""Profile"":""Silence""}",1470.8643074035645,28.99070376858167,38.70176011235313,25,0,0.019709978427416844,True
2,AudioRmsBenchmarks,Meter,"{""Length"":1600,""Profile"":""Silence""}",76.79158796866734,1.564152364662472,3.866197392633456,72,0,0.020368798276455494,False
2,AudioRmsBenchmarks,Scalar,"{""Length"":1600,""Profile"":""Speech""}",1460.078307560512,20.631898381498754,18.289640522772945,14,0,0.014130679344158174,True
2,AudioRmsBenchmarks,Meter,"{""Length"":1600,""Profile"":""Speech""}",81.84225797653198,1.8906790508468638,5.574710244213181,100,0,0.023101501566452506,False
2,AudioRmsBenchmarks,Scalar,"{""Length"":4096,""Profile"":""Clipped""}",3840.6801363316977,71.10088574293532,128.20957343259408,41,0,0.01851257673617284,True
2,AudioRmsBenchmarks,Meter,"{""Length"":4096,""Profile"":""Clipped""}",229.91654674212137,4.598222467545625,9.076443235988583,48,0,0.01999952823188092,True
2,AudioRmsBenchmarks,Scalar,"{""Length"":4096,""Profile"":""Silence""}",3918.339566486638,76.53147168227702,138.0020408469852,41,0,0.019531607810830603,True
2,AudioRmsBenchmarks,Meter,"{""Length"":4096,""Profile"":""Silence""}",228.6234164237976,4.585334435521204,8.15042794408934,40,0,0.020056276418428644,False
2,AudioRmsBenchmarks,Scalar,"{""Length"":4096,""Profile"":""Speech""}",3877.414441991735,73.36812841154844,154.75829593263254,54,0,0.018921920653357082,True
2,AudioRmsBenchmarks,Meter,"{""Length"":4096,""Profile"":""Speech""}",239.78197574615479,4.802186971190427,12.982992669384876,85,0,0.020027305873374996,False
2,AudioStageBenchmarks,Scalar,"{""Scenario"":""Clipped""}",29339.45815142463,481.81822881846097,494.7918476742372,17,0,0.016422192473076243,True
2,AudioStageBenchmarks,Meter,"{""Scenario"":""Clipped""}",19453.831787109375,387.55868548843125,737.3707356428541,45,0,0.01992197165728748,True
2,AudioStageBenchmarks,MeterGain,"{""Scenario"":""Clipped""}",12822.18527958311,255.4226043929596,374.3951725416256,29,0,0.019920364495096755,True
2,AudioStageBenchmarks,Scalar,"{""Scenario"":""Fallback10""}",28269.121636284723,557.7058559630023,596.7390180589558,18,0,0.019728446576393128,True
2,AudioStageBenchmarks,Meter,"{""Scenario"":""Fallback10""}",19372.788906097412,386.479092847964,601.7014351423727,32,0,0.019949584684026737,True
2,AudioStageBenchmarks,MeterGain,"{""Scenario"":""Fallback10""}",13048.187314547025,258.5476627940757,353.90298899472396,26,0,0.019814833781994286,True
2,AudioStageBenchmarks,Scalar,"{""Scenario"":""Fallback100""}",28282.962676017516,457.55475420948557,1042.0837923121546,62,0,0.016177751936768216,True
2,AudioStageBenchmarks,Meter,"{""Scenario"":""Fallback100""}",19124.905789283013,375.61527847264574,573.604248488502,31,0,0.019640111308842554,True
2,AudioStageBenchmarks,MeterGain,"{""Scenario"":""Fallback100""}",12976.323645455497,254.98876607089412,365.6972992280161,28,0,0.019650308749828,True
2,AudioStageBenchmarks,Scalar,"{""Scenario"":""Fallback50""}",28096.36441744291,560.7303547315029,468.2352419197112,13,0,0.0199573989858769,True
2,AudioStageBenchmarks,Meter,"{""Scenario"":""Fallback50""}",19185.973127498182,374.3416529878525,693.866310805474,43,0,0.019511215329043152,True
2,AudioStageBenchmarks,MeterGain,"{""Scenario"":""Fallback50""}",13060.225651181978,257.34829744468027,377.21782868075087,29,0,0.019704735914833883,True
2,AudioStageBenchmarks,Scalar,"{""Scenario"":""Fixed""}",55694.45686340332,1100.2740839604485,1080.6162708708796,16,0,0.019755540244498472,True
2,AudioStageBenchmarks,Meter,"{""Scenario"":""Fixed""}",28019.289538325094,558.3209109244406,1115.0272721294295,49,0,0.0199263050606891,True
2,AudioStageBenchmarks,MeterGain,"{""Scenario"":""Fixed""}",8621.882041103869,172.00352536235712,459.11226210928646,83,0,0.019949649570981064,True
2,AudioStageBenchmarks,Scalar,"{""Scenario"":""Ordinary""}",28243.162727355957,552.0939154473301,859.5437823300622,32,0,0.019547878570716132,True
2,AudioStageBenchmarks,Meter,"{""Scenario"":""Ordinary""}",19420.777723524305,378.613185668335,632.5776299478895,36,0,0.01949526383846732,True
2,AudioStageBenchmarks,MeterGain,"{""Scenario"":""Ordinary""}",13108.565306052184,260.68421381594436,456.5674081816827,39,0,0.01988655567788088,True
3,AudioGainBenchmarks,Scalar,"{""Length"":480,""Profile"":""Clipped""}",394.8132426551219,12.816240352883478,35.51374423961547,89,0,0.03246152602859562,False
3,AudioGainBenchmarks,Tensor,"{""Length"":480,""Profile"":""Clipped""}",79.68828507832119,1.5919547758751424,4.276683440780676,84,0,0.019977274881878792,True
3,AudioGainBenchmarks,CopyOnly,"{""Length"":480,""Profile"":""Clipped""}",19.12859562904604,0.42857005881736193,0.9760709686766076,62,0,0.022404679733340944,False
3,AudioGainBenchmarks,Scalar,"{""Length"":480,""Profile"":""Low""}",423.25702124628526,8.421292815872414,18.4849432605184,58,0,0.019896404296084254,True
3,AudioGainBenchmarks,Tensor,"{""Length"":480,""Profile"":""Low""}",78.28472137451172,1.658246307527919,4.8893770065648825,100,0,0.021182247038919882,False
3,AudioGainBenchmarks,CopyOnly,"{""Length"":480,""Profile"":""Low""}",20.20781899491946,0.45578209440309647,1.0194220428624747,60,0,0.02255473955490628,False
3,AudioGainBenchmarks,Scalar,"{""Length"":480,""Profile"":""Speech""}",416.0355514950222,8.231285239283162,15.66087686701468,45,0,0.01978505252665083,True
3,AudioGainBenchmarks,Tensor,"{""Length"":480,""Profile"":""Speech""}",76.2441939175731,2.1203635216752357,6.218659612243971,99,0,0.02781016380037464,False
3,AudioGainBenchmarks,CopyOnly,"{""Length"":480,""Profile"":""Speech""}",18.42003272425744,0.41745521848362405,0.9507568508374501,62,0,0.022663109492410134,False
3,AudioGainBenchmarks,Scalar,"{""Length"":512,""Profile"":""Clipped""}",402.1376621432421,8.034770008450502,14.488348839097192,41,0,0.0199801480061037,True
3,AudioGainBenchmarks,Tensor,"{""Length"":512,""Profile"":""Clipped""}",77.93591944376628,1.595442137863241,4.031886166450434,75,0,0.02047120441062369,False
3,AudioGainBenchmarks,CopyOnly,"{""Length"":512,""Profile"":""Clipped""}",20.35129014097276,0.45182008983922833,1.0198333141085785,61,0,0.022201053923829126,False
3,AudioGainBenchmarks,Scalar,"{""Length"":512,""Profile"":""Low""}",438.45058986118863,8.764542388358512,21.334109075932176,70,0,0.019989806356819646,True
3,AudioGainBenchmarks,Tensor,"{""Length"":512,""Profile"":""Low""}",81.77722680568695,1.806368234189022,5.326117881003822,100,0,0.022088890816525018,False
3,AudioGainBenchmarks,CopyOnly,"{""Length"":512,""Profile"":""Low""}",20.598429718682933,0.4636799078422725,0.8594605074834674,43,0,0.022510449300011993,False
3,AudioGainBenchmarks,Scalar,"{""Length"":512,""Profile"":""Speech""}",408.76495838165283,8.121906279575335,19.144290061320834,66,0,0.019869379977508074,True
3,AudioGainBenchmarks,Tensor,"{""Length"":512,""Profile"":""Speech""}",78.20844942209672,1.7984881287682886,5.2462746695073355,98,0,0.022996084720484825,False
3,AudioGainBenchmarks,CopyOnly,"{""Length"":512,""Profile"":""Speech""}",19.806384156316014,0.4445692421619641,0.9851348062082226,59,0,0.0224457547956928,False
3,AudioGainBenchmarks,Scalar,"{""Length"":960,""Profile"":""Clipped""}",885.9644386985085,17.65252584111205,37.61897461836833,55,0,0.019924643778077372,True
3,AudioGainBenchmarks,Tensor,"{""Length"":960,""Profile"":""Clipped""}",158.11131629678937,3.2081260471075024,7.929693320665085,72,0,0.02029030003826897,False
3,AudioGainBenchmarks,CopyOnly,"{""Length"":960,""Profile"":""Clipped""}",43.098716313640274,0.8970802876957342,1.7707491029116564,48,0,0.02081454772730245,False
3,AudioGainBenchmarks,Scalar,"{""Length"":960,""Profile"":""Low""}",713.2733784223858,14.275625427043227,36.33602739384029,76,0,0.02001424118564186,False
3,AudioGainBenchmarks,Tensor,"{""Length"":960,""Profile"":""Low""}",153.22378999308535,3.1252305423541857,7.954710158192229,76,0,0.020396509853301634,False
3,AudioGainBenchmarks,CopyOnly,"{""Length"":960,""Profile"":""Low""}",42.663443258830476,0.889942952286542,1.4622019090394438,35,0,0.02085961385928084,False
3,AudioGainBenchmarks,Scalar,"{""Length"":960,""Profile"":""Speech""}",706.5262980577422,13.991011621277293,25.22868193709754,41,0,0.019802534823882594,True
3,AudioGainBenchmarks,Tensor,"{""Length"":960,""Profile"":""Speech""}",154.00362957355588,3.1327437046334303,8.522860915238908,86,0,0.020342012154571692,False
3,AudioGainBenchmarks,CopyOnly,"{""Length"":960,""Profile"":""Speech""}",45.048619168145315,0.9484035902823953,1.3601722024412548,28,0,0.021052889251553984,False
3,AudioGainBenchmarks,Scalar,"{""Length"":1600,""Profile"":""Clipped""}",1419.7152290344238,28.269269559808222,57.10532304632633,50,0,0.019911929506479062,True
3,AudioGainBenchmarks,Tensor,"{""Length"":1600,""Profile"":""Clipped""}",246.0655433253238,4.965358267342835,14.246544695528042,95,0,0.02017900678104339,False
3,AudioGainBenchmarks,CopyOnly,"{""Length"":1600,""Profile"":""Clipped""}",63.782333869200485,1.0963157017317997,1.5006494335775622,26,0,0.017188391130058565,True
3,AudioGainBenchmarks,Scalar,"{""Length"":1600,""Profile"":""Low""}",1188.0271319685312,23.59098755301101,51.782793439397615,58,0,0.019857280122821216,True
3,AudioGainBenchmarks,Tensor,"{""Length"":1600,""Profile"":""Low""}",256.7318148612976,5.569276705040629,16.421139212676714,100,0,0.02169297446851103,False
3,AudioGainBenchmarks,CopyOnly,"{""Length"":1600,""Profile"":""Low""}",62.13096322551851,1.2987197388645835,2.957842265162064,62,0,0.020902939073237668,False
3,AudioGainBenchmarks,Scalar,"{""Length"":1600,""Profile"":""Speech""}",1192.4918899536133,23.714011180103046,59.92833670305387,75,0,0.01988609849667447,True
3,AudioGainBenchmarks,Tensor,"{""Length"":1600,""Profile"":""Speech""}",256.5597915649414,5.7312201880874865,16.898633260923827,100,0,0.02233873107367558,False
3,AudioGainBenchmarks,CopyOnly,"{""Length"":1600,""Profile"":""Speech""}",67.27878588896532,1.3830927305281224,1.8931931006494203,26,0,0.020557635103741808,False
3,AudioGainBenchmarks,Scalar,"{""Length"":4096,""Profile"":""Clipped""}",3849.0009784698486,76.07183137992293,74.7127101714464,16,0,0.019764045736918704,True
3,AudioGainBenchmarks,Tensor,"{""Length"":4096,""Profile"":""Clipped""}",663.7819579153349,13.286334759195848,21.073536584031203,33,0,0.02001611312383774,False
3,AudioGainBenchmarks,CopyOnly,"{""Length"":4096,""Profile"":""Clipped""}",235.12598742609438,4.756314287687583,6.015215185466437,23,0,0.02022879027433156,False
3,AudioGainBenchmarks,Scalar,"{""Length"":4096,""Profile"":""Low""}",3428.1509187486436,66.72401761800191,71.39395136090582,18,0,0.019463558985424644,True
3,AudioGainBenchmarks,Tensor,"{""Length"":4096,""Profile"":""Low""}",653.2417281729277,13.119672019541982,29.613288334452022,61,0,0.02008394665208667,False
3,AudioGainBenchmarks,CopyOnly,"{""Length"":4096,""Profile"":""Low""}",549.7115185386256,10.608548479374269,11.791373528777118,19,0,0.019298392195922047,True
3,AudioGainBenchmarks,Scalar,"{""Length"":4096,""Profile"":""Speech""}",3176.489044189453,60.97246856511553,81.39650112331647,25,0,0.019194924873626916,True
3,AudioGainBenchmarks,Tensor,"{""Length"":4096,""Profile"":""Speech""}",656.6369102114722,12.8050440066902,29.421720239399693,63,0,0.019500950689120247,True
3,AudioGainBenchmarks,CopyOnly,"{""Length"":4096,""Profile"":""Speech""}",230.36362012227377,4.0369352972522226,3.776151783476213,15,0,0.01752418760874427,True
3,AudioRmsBenchmarks,Scalar,"{""Length"":480,""Profile"":""Clipped""}",431.29423686436246,6.923471196653678,6.137476882404548,14,0,0.016052779297468418,True
3,AudioRmsBenchmarks,Meter,"{""Length"":480,""Profile"":""Clipped""}",25.38264197172578,0.587081187574708,1.7032291010128622,97,0,0.02312923880140882,False
3,AudioRmsBenchmarks,Scalar,"{""Length"":480,""Profile"":""Silence""}",474.45958865586147,10.178758941600542,28.875447021767993,93,0,0.021453373869915558,False
3,AudioRmsBenchmarks,Meter,"{""Length"":480,""Profile"":""Silence""}",27.3393950900253,0.9484930581631571,2.7667989716745125,98,0,0.03469327156068688,False
3,AudioRmsBenchmarks,Scalar,"{""Length"":480,""Profile"":""Speech""}",456.7424196592519,8.230648261605461,20.18992193367778,71,0,0.01802032810472444,True
3,AudioRmsBenchmarks,Meter,"{""Length"":480,""Profile"":""Speech""}",31.994400670131046,1.8801692302360888,5.42471851706657,96,0,0.05876557118919108,False
3,AudioRmsBenchmarks,Scalar,"{""Length"":512,""Profile"":""Clipped""}",477.9060363769531,7.697503704607824,6.823636539729951,14,0,0.016106730442166546,True
3,AudioRmsBenchmarks,Meter,"{""Length"":512,""Profile"":""Clipped""}",29.720038112841156,1.3522337918960112,3.879812516601987,95,0,0.04549905981822246,False
3,AudioRmsBenchmarks,Scalar,"{""Length"":512,""Profile"":""Silence""}",538.220410823822,27.60991108730372,81.40845169425518,100,0,0.051298521074373354,False
3,AudioRmsBenchmarks,Meter,"{""Length"":512,""Profile"":""Silence""}",31.73124436289072,1.7360196059103628,5.00881386139376,96,0,0.0547101016920917,False
3,AudioRmsBenchmarks,Scalar,"{""Length"":512,""Profile"":""Speech""}",533.4341196669745,23.224101133954246,67.37733337977733,97,0,0.04353696225590737,False
3,AudioRmsBenchmarks,Meter,"{""Length"":512,""Profile"":""Speech""}",30.64316475391388,1.4871454260584416,4.384882160496448,100,0,0.048531065182113635,False
3,AudioRmsBenchmarks,Scalar,"{""Length"":960,""Profile"":""Clipped""}",947.9089373633975,18.910818478243332,34.57950362961458,42,0,0.0199500371109947,True
3,AudioRmsBenchmarks,Meter,"{""Length"":960,""Profile"":""Clipped""}",62.61468090192236,3.9846026301688355,11.686150602843316,99,0,0.06363687513492547,False
3,AudioRmsBenchmarks,Scalar,"{""Length"":960,""Profile"":""Silence""}",887.4622705506115,17.746251980064894,47.06054619327833,82,0,0.019996626976665183,True
3,AudioRmsBenchmarks,Meter,"{""Length"":960,""Profile"":""Silence""}",48.757090584024205,1.0050018845064392,2.5762042295404126,77,0,0.02061242523842756,False
3,AudioRmsBenchmarks,Scalar,"{""Length"":960,""Profile"":""Speech""}",872.8665845147494,17.320516021029484,25.3881898965637,29,0,0.01984325706620839,True
3,AudioRmsBenchmarks,Meter,"{""Length"":960,""Profile"":""Speech""}",52.516840185437886,1.0767707597679654,2.7601753074542645,77,0,0.020503342470069963,False
3,AudioRmsBenchmarks,Scalar,"{""Length"":1600,""Profile"":""Clipped""}",1457.7316365343459,28.776900125514857,56.12713790159751,47,0,0.019740876444123766,True
3,AudioRmsBenchmarks,Meter,"{""Length"":1600,""Profile"":""Clipped""}",81.31348974564496,2.486596832072355,6.722659620749462,85,0,0.030580372824369328,False
3,AudioRmsBenchmarks,Scalar,"{""Length"":1600,""Profile"":""Silence""}",1479.0068597504587,28.794913090931846,45.67178725011128,33,0,0.019469086908623392,True
3,AudioRmsBenchmarks,Meter,"{""Length"":1600,""Profile"":""Silence""}",76.14305694897969,1.5504034938746207,3.9180677575317584,75,0,0.020361718533489954,False
3,AudioRmsBenchmarks,Scalar,"{""Length"":1600,""Profile"":""Speech""}",1492.9258346557617,29.684154727484223,55.02148843374029,43,0,0.019883207885091483,True
3,AudioRmsBenchmarks,Meter,"{""Length"":1600,""Profile"":""Speech""}",83.14515906710957,2.3192250232978937,6.309623182858676,86,0,0.02789368676805297,False
3,AudioRmsBenchmarks,Scalar,"{""Length"":4096,""Profile"":""Clipped""}",3849.11496480306,76.87982289285065,171.95275345551752,60,0,0.01997337663225245,True
3,AudioRmsBenchmarks,Meter,"{""Length"":4096,""Profile"":""Clipped""}",230.35279070393423,4.644181067748444,12.86900480181577,89,0,0.020161166936837657,False
3,AudioRmsBenchmarks,Scalar,"{""Length"":4096,""Profile"":""Silence""}",3820.478500366211,75.61843927377515,100.9484530008485,25,0,0.01979292365250237,True
3,AudioRmsBenchmarks,Meter,"{""Length"":4096,""Profile"":""Silence""}",226.75966482896072,4.538660797747942,11.715733687183118,78,0,0.020015291525374863,False
3,AudioRmsBenchmarks,Scalar,"{""Length"":4096,""Profile"":""Speech""}",3845.6261685020045,70.53428322764212,121.66818265523081,38,0,0.018341430013494395,True
3,AudioRmsBenchmarks,Meter,"{""Length"":4096,""Profile"":""Speech""}",235.28666094125035,4.740122734319087,12.652348064635444,83,0,0.02014616007280866,False
3,AudioStageBenchmarks,Scalar,"{""Scenario"":""Clipped""}",28705.87637765067,566.8225397845885,674.7619724780543,21,0,0.019745871274840975,True
3,AudioStageBenchmarks,Meter,"{""Scenario"":""Clipped""}",19175.8955078125,380.71040275006004,508.2374956167205,25,0,0.019853591848941494,True
3,AudioStageBenchmarks,MeterGain,"{""Scenario"":""Clipped""}",12618.00987606957,235.80592928549848,280.71020963134555,21,0,0.018688044438189215,True
3,AudioStageBenchmarks,Scalar,"{""Scenario"":""Fallback10""}",28090.8504486084,551.4799412136535,980.2551126157052,40,0,0.019632013000908395,True
3,AudioStageBenchmarks,Meter,"{""Scenario"":""Fallback10""}",18950.350697835285,371.22023640788325,732.7525859367271,48,0,0.019589095860388907,True
3,AudioStageBenchmarks,MeterGain,"{""Scenario"":""Fallback10""}",13005.114284781523,244.94767263183573,454.0262527369726,43,0,0.01883471896271388,True
3,AudioStageBenchmarks,Scalar,"{""Scenario"":""Fallback100""}",28222.125509510868,543.3095785043937,1046.7731871282174,46,0,0.019251192767933023,True
3,AudioStageBenchmarks,Meter,"{""Scenario"":""Fallback100""}",19337.942684397978,384.0251796434526,920.0998711785177,68,0,0.019858636769737013,True
3,AudioStageBenchmarks,MeterGain,"{""Scenario"":""Fallback100""}",12877.715719899823,256.41575650765157,391.57397406797287,31,0,0.019911586968130886,True
3,AudioStageBenchmarks,Scalar,"{""Scenario"":""Fallback50""}",28379.853630065918,563.9294075038267,1113.1417177919243,48,0,0.019870765186272628,True
3,AudioStageBenchmarks,Meter,"{""Scenario"":""Fallback50""}",19309.554617745536,386.16117612998664,771.2056532318974,49,0,0.019998450703523914,True
3,AudioStageBenchmarks,MeterGain,"{""Scenario"":""Fallback50""}",13215.409000103291,246.9382018895978,509.97024651935067,52,0,0.01868562689869589,True
3,AudioStageBenchmarks,Scalar,"{""Scenario"":""Fixed""}",55724.84588623047,1062.3777312803843,1043.3969853221975,16,0,0.019064704700114683,True
3,AudioStageBenchmarks,Meter,"{""Scenario"":""Fixed""}",28254.966064453125,563.1236842046362,1137.5377009126146,50,0,0.019930078235453563,True
3,AudioStageBenchmarks,MeterGain,"{""Scenario"":""Fixed""}",8852.901034884982,172.29466933739974,184.35336602241642,18,0,0.019461944582738488,True
3,AudioStageBenchmarks,Scalar,"{""Scenario"":""Ordinary""}",28328.042524288863,557.441885861408,976.314573537424,39,0,0.019678094078807225,True
3,AudioStageBenchmarks,Meter,"{""Scenario"":""Ordinary""}",19502.79773530506,382.45306814979415,699.3371161305516,42,0,0.019610164312859387,True
3,AudioStageBenchmarks,MeterGain,"{""Scenario"":""Ordinary""}",12901.415935315585,254.8775171694839,439.6512290853704,38,0,0.019755778625181523,True
